"","protein_id","protein_name","subunits_annotated","n_subunits_annotated","subunits_detected","n_subunits_detected","completeness","left_pp","right_pp","apex","apex_mw","area","peak_corr","monomer_sec","monomer_mw","in_complex","coelution_score","decoy","pvalue","qvalue"
"1","A2RSY6","A2RSY6","DGNMVEENPYR;EEGDALEDDGTLGDIQVTR;FLCCLSQAGFR;MDANVLMHLR;QIIFCTLAALAK;TAIELGPLWSSSLFNTGFLKR;TDAPLMQFK;VTINDLNENSVTLIQK",8,"EEGDALEDDGTLGDIQVTR;TAIELGPLWSSSLFNTGFLKR;VTINDLNENSVTLIQK",3,0.375,6,14,10,4584.298,39911,1,40,80.861,TRUE,1,0,0.000597371565113501,0.00470914987044019
"2","B1AVH7","B1AVH7","CAYLQAR;ELELLKVEYLQR;ELVIILHK;FLNSEIHQVTK;HLGTEIQNTMHNIR;HLQAPGCYQELLAR;MEHLKDDMEAYR;QIELDLNR;QSNTFPFFSDGLAR;RQSNTFPFFSDGLAR;SSVPSGPTQKPK;TAQDANPLDSIDLSSAVFDCK;TPSSSESTQPPGLAR;TPTGLVGAAAALQPVPAVPSALQNISLK;VAALEQQVLMLTK;VEALEQGR;VLQDLLSEKLPR;WATLTELTPSAELK",18,"QSNTFPFFSDGLAR;TAQDANPLDSIDLSSAVFDCK",2,0.111111111111111,5,12,8,5648.007,22614,1,40,104.26,TRUE,1,0,0.000597371565113501,0.00470914987044019
"3","E9PVZ8","E9PVZ8","AAAPSAASSPAEVQSLK;AAAPSAASSPAEVQSLKK;AASVEAQAHTELLKQELESSQLK;AEAQPVGGTGESMEALLSSNSSLKEELEK;AGEADGTVCEVSTAGTTLLNR;AGQAQADLETQYSALQQR;AHVEETLAEIQVSLTR;ALEFVHTESQK;ALEFVHTESQKDLDVTK;ALHTQLEMQAK;ALQVMEEELR;ALQVMEEELRQENLSWQHELR;AQAELSSFK;AQHNLLTEQIHSLSIEAK;AQLQESQDQTK;ASEAGPLNDAGMELSSPK;ASEAGPLNDAGMELSSPKLDGVDK;CVSELEEEKQQLVK;DHATEELGDLK;DHATEELGDLKK;DISQEMEGLSQALSQK;DLMAQIQAFGR;DLNEVIAIKDSQQK;DLVEMEQK;DQLIQDAAAENNK;DQLLYQVK;DQTTDLNNSLEK;DRELSQALENEK;DVQLQQKDEALQEEK;EAQEEIAFLK;EGDVLSQAAFPLSTSENVLSR;EISQFVNKPNLQK;ELAQLKEWQDSSR;ELDGVQLQFCEQGTQMK;ELDVLAELR;ELENLLSQEEEENVALEEENKR;ELQELLR;ELSQALENEK;ELSVLLVEMK;EMEVEKEELELK;ENKDLMAQIQAFGR;EQLNLLSR;EQTLTTVQTEMVEQER;EQVEESGAGSSLK;FLLENQSLSGSCESLK;FSCEQLETDLAASR;FSQLLEEK;GALLLSSGELEELKAENEK;GLDYESQR;GNLAQAVEHR;HDQAAESAQAMR;HLHHDAGIMR;HLHHDAGIMRNETETAEER;HLSAILEKDQLIQDAAAENNK;IAELEMEK;IISLLSGK;IISLLSGKEEAIQLAVEELHQQHSK;ILELEEENDR;ILELEEENDRLR;ILLDDTQSEAAR;IMESTQEDALHR;IQHVVESVR;IQHVVESVRQEK;KLEEHEEALLGR;KLQAALISR;KLQEALIAR;KPTELEEETNAK;KSEEVLLLQDQINEQGLEIQNLK;KSEPETTGEEQPSFSEVQQQLCNTK;LALGGLTEDKEK;LDAELVQYR;LEHDKEIWESK;LEHSEWESAR;LGHDESGQEGLQQELELLR;LGHDESGQEGLQQELELLRK;LISSLQAQLDQSEQASQLDK;LLEEEVTKR;LMEELESVR;LQEENKELTSQLEDAR;LRDISQEMEGLSQALSQK;LTAENALSLAK;LTILQEER;LVTGTMDAGNGGSAAPVK;LVVELKDIISQK;LVYETELLR;MAESTEWQEK;MDQLLLEK;NALLTQISAK;NECTKLEER;NEQLESEMR;NETETAEER;NLQQQYLQMSQEMTELRPLK;NLQTQLTALQEEGTLGVYHAQLK;NQVLSQQLQLLEAEHNTLK;NSWELHER;NVLSTQLSDASQSLR;QAQVEICELK;QASPETSASLDGSQK;QIDLLQEEVTENQATIQK;QKDVETLQQTIQEK;QLEDQLQQK;QLLDAQLQQNK;QLQDAEQEMEEMKEK;QLYHDSKNELTK;QMAIHMEELK;QQEADIQNCK;QSLQMSSDALQK;RLEHSEWESAR;RVVELENEK;SEPETTGEEQPSFSEVQQQLCNTK;SLADVESQVSVQNQEK;SLADVESQVSVQNQEKDAVLGK;SLAVSHVCQCHQGELER;SLKDQTTDLNNSLEK;SLQEQLSSAR;SMSSLQDDRDR;SMSSLQDSR;SSAEMEDFVLMK;SSSQAQILSTQYQR;STLAAVTEER;STLAAVTEERDQLLYQVK;TAAEEELQAVVQR;TACILSLQK;TADLEEELVCVQK;TEEATKEQVEESGAGSSLK;TKQIDLLQEEVTENQATIQK;TLKEQLNLLSR;TLQPELDALHK;TLQSQLEAK;TNQLTEALEAIKK;TPIMGACGSQEQALLIDLPGHSCR;TQGGAALPPEAQAEELSK;TQVLELETSLHTAEETYKR;TTLNQQIQEELCR;VAGLEHLK;VELEVAER;VQELESSLAEAEK;VSQLEEELAK;VSSIASELAK",139,"DLVEMEQK;EGDVLSQAAFPLSTSENVLSR;ELDVLAELR;LQEENKELTSQLEDAR;QASPETSASLDGSQK;QQEADIQNCK;SSSQAQILSTQYQR;TADLEEELVCVQK;TNQLTEALEAIKK",9,0.0647482014388489,10,19,15,2720.927,13344,1,34,370.154,TRUE,1,0,0.000597371565113501,0.00470914987044019
"4","E9Q7G0","E9Q7G0","AADALKEQQCR;AEELGQELK;AEQDKALETLQGQLEEK;AGEQQETASLELLK;AGEQQETASLELLKEPPR;AHGLLAEENR;ALETLQGQLEEK;AQDHSKAEEEWK;ARELGHNQAASASAQR;ASDQLGEQQGRPFSSTHAAVK;ASMQPAQIAEGVGITTR;ASYAEQLSMLKK;ATEMEAESR;CLEEKNEILQGK;DAKLESLQQQLQAANDAR;DAQIAMMQQR;DNAQTSVTQAQQEK;DNAQTSVTQAQQEKAELSQK;DQELASLK;DQELASLKEQAK;EAEQMGGELER;EFANHLQQLQGAFNDLIEEHSK;EGQQILQQPLPER;EGQQILQQPLPERLDFVCSFLQK;EHPAGGASGEDASGPGTQSETAGK;EKEHPAGGASGEDASGPGTQSETAGK;EKYVQELAAVR;ELEVMTAK;ELGELGSLR;ELGHNQAASASAQR;ELQQAGLK;ELQQTLEQLK;EQALSALQLEHTSTQALVSELLPAK;EQAQMLQTMQEQEQAAQGLR;FQVATDALK;FREELEQSK;GESQQEVQR;GKQEAQLLAER;GQAPLETSLDSLGDAFPDSGR;GQAPLETSLDSLGDAFPDSGRK;GQAQADLAQEK;HELAEATASQHR;HLCQQLQAEQAAAEK;HLCQQLQAEQAAAEKR;HPSSTQCLVSVQK;IDHLALLNEK;IGELHACIEASHQEQR;ISQLSEENGDLSFK;KEQAQMLQTMQEQEQAAQGLR;KHPSSTQCLVSVQK;KISQLSEENGDLSFK;KLELEEPDSANSSFYSTQSAPASQANLR;KSSLISSLEEEVSILNR;LATDNTQLQTR;LENELSTALQDK;LENELSTALQDKK;LEQQCQQQQQQVEGLTHSLK;LESLQQQLQAANDAR;LGSPDDGNSALLSLPGYRPTTR;LLQVETASNSAR;LLTEKDAQIAMMQQR;LPPKVESLESLYFTPTPAR;LQEQLQDLEELQK;LQEQLQDLEELQKENK;LQESPAPEKGEVLGDALQLDTLK;LQNTLNEQR;LQTQLNELQAQLSQK;LQTQLNELQAQLSQKEQAAEHYK;LSQLEDQATR;LVDDLSALQEK;LVVAESEK;QAAGGLQAELMR;QAASSQEPSELEELR;QAASSQEPSELEELRGK;QDHAQQLAIVAEAR;QEAQLLAER;QELASQAER;QELASQAERAEELGQELK;QQVEQLSSSLK;SLEAQVAHADQQLR;SNRDDLELELSESLK;SSLISSLEEEVSILNR;TDAETHLAEMR;TDAPGPELQALR;TELKELQQTLEQLK;TQPDGTSVPGEPASPISQR;TTQIINITMTK;VEFAALQEALAHALTEK;VESLESLYFTPTPAR;VETLECER;VIEGSEMELAK;VREFANHLQQLQGAFNDLIEEHSK;VTELEAQLK;VTELEAQLKAEQQK;YGAMFQEQLMALK;YGAMFQEQLMALKGEK;YVQELAAVR",97,"EKYVQELAAVR;TTQIINITMTK",2,0.0206185567010309,9,16,12,3720.921,25653,1,38,235.63,TRUE,1,0,0.000597371565113501,0.00470914987044019
"5","F8VPN4","F8VPN4","ACFLMAHNGWVMGDDPLR;ALWHFSCDVADGK;AVTVYTNYPLPGEAFNR;CESEEQEDGGGCYDIPNWSSLK;CLGPFDEWESR;CPCLPLLSPSLLDVPCR;DENSINGMPNMTVELR;DGSAVEIVGLCK;EAMSAYNSHEEGR;EHIQLHESK;ELICWGDSVK;ESGYNMIHFTPLQTLGLSR;EVPQMCIPGKIEEVVLEAR;EWNILCITDVVYNHTATNSK;FNCGTWMDK;GFNYHQGPEWLWPIGYFLR;GIPATPR;GVPALIENDQHMNCIR;GYDELVPHQISVVAEER;HGLIPNLLGEGTYAR;HLSLGSVQMCGVGK;HMQGIQFR;HSPSIHQSVVAVSR;IGVDNHVLPLDCVTLQTFLAK;IIQDPEYR;IIWEDIFPR;ILLLNEMEK;ILLLNEMEKLEK;IPFASIASK;IQLWEFFQVDVHK;KYTEITATHFQGVR;LDNCHSTPLHVAEYMLDAAR;LEQGFELQFR;LGISSLIR;LHLQQSGSFQYYFLQGNEK;LLGPLGMK;LTLAELNQVLYR;MYPTDDSAPLPAGTLDQPLFEVIQEAMQR;NAGPQIDR;NDLGHPFCENLR;NFAEPGSDVYLR;NFAEPGSDVYLRR;NHLTQFSSHFK;NIFPYHEVR;NIILAFASTLR;SAYDALPSTTVVSMACCASGSTR;SCYSLADQLELNPDFSR;SGDWMIDYVSGR;SGSLAVDNADPILK;SGSLAVDNADPILKIPFASIASK;SLDWENPTER;TLDPDDMVYCGVYDNALDNDNYNLAR;TVPNGLDILK;VSLDPHAQVAVGILR;VVAVSYDEWNR;VVAVSYDEWNRK;WILEHPESAYNLVNSPHLKPAWVLDR;WLLELSK;WNPGASPADTGDVNVHSGIIAAR;YAGLQGLMSVLAEIRPK;YFTFPFGEMALSAEEALIHLPDK;YTEITATHFQGVR;YTWSDVGQLVEK",63,"EAMSAYNSHEEGR;IQLWEFFQVDVHK;WLLELSK",3,0.0476190476190476,7,14,11,4130.11,20880,1,40,174.287,TRUE,1,0,0.000597371565113501,0.00470914987044019
"6","G5E870","G5E870","DIPVTIHNLEEYLR;DKLLIAAR;EGIFAVDTMLK;FLHVFFSSPLPGEEPVGR;GEEVTLSNPK;GNAQNTDGAIWQWR;LLDTNPEINQSDSQDSR;LPDYSSIDIMR;LSAQSNSNNIEPAR;MNNCLSQMEQFPVK;QAESVMQDLGSSR;QLQDPLVIMTGNIPTWLTELGK;SLNPPLTIVR;SSAVVVDAIPVFLEK;SVESTCLCFAR;SVYHLEDIVR;TCPFFFPFDTR;TVNREELLK;VEPVGHAPLLALVHK;YFSSENMDGSNPALNVLQR;YWYYLYDNAMCK",21,"DIPVTIHNLEEYLR;GNAQNTDGAIWQWR;QLQDPLVIMTGNIPTWLTELGK;VEPVGHAPLLALVHK;YWYYLYDNAMCK",5,0.238095238095238,19,27,23,1180.938,5421,1,39,224.128,TRUE,1,0,0.000597371565113501,0.00470914987044019
"7","G5E8Z3","G5E8Z3","CPAPCQTTYVK;CPTPCQTYVK;SRGPACCDHEDDCCC",3,"CPAPCQTTYVK;CPTPCQTYVK;SRGPACCDHEDDCCC",3,1,17,25,21,1454.955,14302,1,40,29.144,TRUE,1,0,0.000597371565113501,0.00470914987044019
"8","O09126","O09126","DHPLMDDSVTPIDNRPK;DSEPVLTLLLSSK;DSEPVLTLLLSSKK;QTECLNYIR;SDFSDLEQSVK;TPPSPTSEDAQTEGSK;YNGPVPTPRPGACIDSEAR",7,"DHPLMDDSVTPIDNRPK;TPPSPTSEDAQTEGSK",2,0.285714285714286,27,35,31,512.552,13978,1,40,95.64,TRUE,1,0,0.000597371565113501,0.00470914987044019
"9","O35678","O35678","ALIFVSHGAGEHCGR;IAAAGAGCPP;IDSSVLSR;LLNFVLPNMTLGR;LTLPFLLLQGSADR;LTLPFLLLQGSADRLCDSK;MVVSDFQVFVR;NKSEVDLYNSDPLVCR;RTPQNVPYQDLPHLVNADGQYLFCR;SEVDLYNSDPLVCR;VCFGIQLLNAVAR;YDELAHMLK",12,"MVVSDFQVFVR;SEVDLYNSDPLVCR",2,0.166666666666667,28,36,32,461.771,12462,1,40,33.388,TRUE,1,0,0.000597371565113501,0.00470914987044019
"10","O54734","O54734","APTIVGK;DRGFELTFK;DTHSLFFR;GFELTFK;LGYTHLYSSTQVSVRPLQHTQYER;LPDVYGVFQFK;NTLLIAGLQAR;TADDPSLSLIK;TLVLLDNLNVR;VGEMAPPNAYTVTDLVEYSIIIEQLSNGK;VIFSGSLDFFSDAFFNSAVQK;WVFKEEGVLR;WVPFDGDDIQLEFVR;YSQTGNYELAVALSR",14,"LPDVYGVFQFK;NTLLIAGLQAR",2,0.142857142857143,33,40,37,274.076,6062,1,40,49.028,TRUE,1,0,0.000597371565113501,0.00470914987044019
"11","O54834","O54834","DKEFIPQAFGMPLSQVIANDR;HADDNVSKDGQEVTGNK;HGLQTVGIFR;LLQFLSIVAR;LSLNPIYR;LVDSCCQHLEK;MTSLNLATIFGPNLLHK;SLLAMQEDR",8,"DKEFIPQAFGMPLSQVIANDR;HADDNVSKDGQEVTGNK",2,0.25,27,35,31,512.552,10450,1,40,108.844,TRUE,1,0,0.000597371565113501,0.00470914987044019
"12","O70250","O70250","FLGDEETVR;FLGDEETVRK",2,"FLGDEETVR;FLGDEETVRK",2,1,32,40,37,274.076,6433,1,40,28.827,TRUE,1,0,0.000597371565113501,0.00470914987044019
"13","O88569","O88569","DYFEEYGK;KLFIGGLSFETTEESLR;KLFVGGIK;LTDCVVMR",4,"KLFIGGLSFETTEESLR;LTDCVVMR",2,0.5,17,24,21,1454.955,19552,1,40,37.403,TRUE,1,0,0.000597371565113501,0.00470914987044019
"14","O88842","O88842","ALGTAVHGDTAGDRPGASQPQAPAGTDTP;FHGQFLLPELQK;ITEEWDTNPR;LHLLDQVFCTK;LLEVYEQLGGEEDIVNPANELIK;SLELISTAADHSNAAIR;VTLFRPQEDVSLTQCSDPQK;YELLLKDYLK",8,"FHGQFLLPELQK;LLEVYEQLGGEEDIVNPANELIK;SLELISTAADHSNAAIR",3,0.375,15,23,19,1792.553,7534,1,40,80.624,TRUE,1,0,0.000597371565113501,0.00470914987044019
"15","O89001","O89001","AIIENLIQK;AREGDCGLGDSGPPGTSGR;EGDCGLGDSGPPGTSGR;ELYVMEISDNPGVHEPGEPEFK;ENSQMFQGRPCK;ESLITLIEK;GFVLDATDGR;IVIVPSLNPDGR;LTAGLGPPPTAAAGLDAAGPLLPGRPQVK;LVGNMHGDETVSR;NFGTDPEVTDLVR;NFPDQFVPITEPTQPETIAVMSWVK;NPVVTQLVDR;QHHDEYEDEIR;QVLVYLAR;SFPDQFSTGEPPSLDEVPEVR;SLIQFMK;SLLSMLVEVHK;SPDDAVFQQIALSYSK;SQEGDSISVVGR;TSDDEVFR;YIGNMHGNEVVGR",22,"ESLITLIEK;SQEGDSISVVGR",2,0.0909090909090909,19,27,23,1180.938,9830,1,40,152.406,TRUE,1,0,0.000597371565113501,0.00470914987044019
"16","P01027","P01027","AAVFNHFISDGVKK;ACEPGVDYVYK;ADIGCTPGSGK;ADLECTKPAAR;AFIDCCNHITK;ALTQDDGVAK;CAEENCFMQQSQEK;DHVLGLAR;DICEGQVNSLPGSINK;DLELLASGVDR;GICVADPYEIR;GTLSVVAVYHAK;IGQQEVEVK;IILQGSPVVQMAEDAVDGER;ISHTEEDCLTFK;LITQGENCIK;LLWENGNLLR;LPYSVVR;LVAYYTLIGASGQR;MELKPGDNLNVNFHLR;QPLTITVR;SEETKQNEAFSLTAK;SGIPIVTSPYQIHFTK;SGSDEVQAGQQR;TIYTPGSTVLYR;TMEAHPYSTMHNSNNYLHLSVSR;TSQGLQTEQR;VDVPAADLSDQVPDTDSETR;VELLHNPAFCSMATAK;VHQYFNVGLIQPGSVK;VLMEGVRPSNADALVGK;VLVVTQGSNAK;VMQDFFIDLR;VVIEDGVGDAVLTR;VYSYYNLEESCTR",35,"IILQGSPVVQMAEDAVDGER;VLMEGVRPSNADALVGK",2,0.0571428571428571,15,22,19,1792.553,23110,1,40,186.484,TRUE,1,0,0.000597371565113501,0.00470914987044019
"17","P02535","P02535","IKEWYEK;QSVEADINGLR",2,"IKEWYEK;QSVEADINGLR",2,1,11,17,14,3020.146,24232,1,40,57.77,TRUE,1,0,0.000597371565113501,0.00470914987044019
"18","P02535","P02535","IKEWYEK;QSVEADINGLR",2,"IKEWYEK;QSVEADINGLR",2,1,18,25,21,1454.955,8668,1,40,57.77,TRUE,1,0,0.000597371565113501,0.00470914987044019
"19","P07742","P07742","AQQLWYAIIESQTETGTPYMLYK;DFSYNYFGFK;EYGPYETYEGSPVSK;GAFIDQSQSLNIHIAEPNYGK;HPDYAILAAR;HRPIGIGVQGLADAFILMR;HSPMVASSTLDIVMANK;HSPMVASSTLDIVMANKDR;IIDINYYPIPEAHLSNKR;KVFSDVMEDLYNYINPHNGR;LCYGLNMDFVDPAQITMK;LNSAIIYDR;LNSAIIYDRDFSYNYFGFK;LTSMHFYGWK;NQIIACNGSIQSIPEIPDDLKQLYK;NTAAMVCSLENR;RVLSGEFQIVNPHLLK;SAGGIGVAVSCIR;SNQQNLGTIK;TGMYYLR;TRPAANPIQFTLNK;TVWEISQK;VAERPQHMLMR;VLSGEFQIVNPHLLK;VMFDKITSR;YPFESPEAQLLNK",26,"IIDINYYPIPEAHLSNKR;KVFSDVMEDLYNYINPHNGR;LTSMHFYGWK",3,0.115384615384615,7,15,11,4130.11,30207,1,40,90.21,TRUE,1,0,0.000597371565113501,0.00470914987044019
"20","P08249","P08249","AGAGSATLSMAYAGAR;AKAGAGSATLSMAYAGAR;ANTFVAELK;ANTFVAELKGLDPAR;EGVVECSFVQSK;ETECTYFSTPLLLGK;ETECTYFSTPLLLGKK;FVFSLVDAMNGK;FVFSLVDAMNGKEGVVECSFVQSK;GYLGPEQLPDCLK;GYLGPEQLPDCLKGCDVVVIPAGVPR;HGVYNPNK;HGVYNPNKIFGVTTLDIVR;IFGVTTLDIVR;IQEAGTEVVK;IQEAGTEVVKAK;ITPFEEK;KGEDFVK;LTLYDIAHTPGVAADLSHIETR;MIAEAIPELK;NLGIGKITPFEEK;NSPLVSR;TIIPLISQCTPKVDFPQDQLATLTGR;VAVLGASGGIGQPLSLLLK;VDFPQDQLATLTGR;VNVPVIGGHAGK",26,"ETECTYFSTPLLLGK;IQEAGTEVVK",2,0.0769230769230769,19,27,23,1180.938,16475,1,40,35.611,TRUE,1,0,0.000597371565113501,0.00470914987044019
"21","P09103","P09103","DGVVLFK;DHENIIIAK;EADDIVNWLKK;EECPAVR;EKLLDFIK;EYTAGREADDIVNWLK;ILEFFGLKK;ITEFCHR;KEECPAVR;KNVFVEFYAPWCGHCK;LAKVDATEESDLAQQYGVR;LGETYKDHENIIIAK;LKAEGSEIR;LLDFIKHNQLPLVIEFTEQTAPK;MDSTANEVEAVKVHSFPTLK;NGDTASPKEYTAGR;NNFEGEITK;NVFVEFYAPWCGHCK;QFLLAAEAIDDIPFGITSNSGVFSK;QLAPIWDKLGETYK;TGPAATTLSDTAAAESLVDSSEVTVIGFFK;TLDGFKK;VLVGANFEEVAFDEK;YKPESDELTAEK;YLLVEFYAPWCGHCK",25,"ITEFCHR;NNFEGEITK",2,0.08,12,19,16,2451.352,8013,1,40,57.058,TRUE,1,0,0.000597371565113501,0.00470914987044019
"22","P14685","P14685","AIQLEYSEAR;AIQLEYSEARR;AIRDGVIEASINHEK;AKPPPGGEQEPPPPAPQDVEMK;ALDLVAAK;AVHGFFTSNNATR;CYYYHAR;DFLLPFLEEPMDTEADLQFRPR;DGVIEASINHEK;DLESAEERR;EEAAAGSGSTGEGDGK;EEAAAGSGSTGEGDGKAAATEHSQR;ELDTVTLEDIK;ELDTVTLEDIKEHVR;EMIDIYSTR;EMIDIYSTREPQLAFHQR;EPQLAFHQR;EQQDLEFAK;FNQVLDQFGEK;HDADGQATLLNLLLR;ISDDLMQK;ISFCLDIHNMSVK;ISLADIAQK;KAPQHTAVGFK;LQLDSPEDAEFIVAK;MISLSYSR;NYLHYSLYDQAEK;RLNHYVLYK;SLMPYFLLTQAVR;SVFPEQANNNEWAR;SYNKDLESAEER;TATLRHDADGQATLLNLLLR;VYEFLDKLDVVR;YLYYTGR",34,"ALDLVAAK;DFLLPFLEEPMDTEADLQFRPR;EMIDIYSTR;EMIDIYSTREPQLAFHQR;FNQVLDQFGEK;NYLHYSLYDQAEK;SLMPYFLLTQAVR;SYNKDLESAEER;YLYYTGR",9,0.264705882352941,24,33,29,631.481,11901,1,40,60.718,TRUE,1,0,0.000597371565113501,0.00470914987044019
"23","P31750","P31750","EEWATAIQTVADGLK;EEWATAIQTVADGLKR;ERPQDVDQR;EVIVAKDEVAHTLTENR;FFANIVWQDVYEK;FYGAEIVSALDYLHSEK;HPFLTALK;LFELILMEEIRFPR;LGGGSEDAKEIMQHR;LPFYNQDHEK;NDGTFIGYK;TFHVETPEEREEWATAIQTVADGLK;VTMNEFEYLK",13,"EVIVAKDEVAHTLTENR;LGGGSEDAKEIMQHR",2,0.153846153846154,20,28,24,1063.937,21017,1,40,55.707,TRUE,1,0,0.000597371565113501,0.00470914987044019
"24","P34960","P34960","CGVPDVQHLR;EDVDYIFQK;HYYIFQGAYQLEYDPLFR;IDAVLYFK;IDAVLYFKR;IYNYTPDMK;KVDAAVFDPLR;LISTHFPGIKPK;NQLFLFKDEK;QELMDPAYPK;REDVDYIFQK;SFQGTNLFLVAVHELGHSLGLQHSNNPK;VDAAVFDPLR;YLNPSTFR;YWLINNLVPEPHYPR",15,"LISTHFPGIKPK;NQLFLFKDEK;YWLINNLVPEPHYPR",3,0.2,26,34,30,568.917,17085,1,40,54.971,TRUE,1,0,0.000597371565113501,0.00470914987044019
"25","P35441","P35441","AGTLDLSLSLPGK;AQLYIDCDKMESAELDVPIQSIFTR;CGACPPGYSGNGIQCK;CKNTDPGYNCLPCPPR;CNYLGHYSDPMYR;CTSYPDGSWK;DCVGDVTENQVCNK;DNCQYVYNVDQR;DNTGQIFSVVSNGK;DVDECKEVPDACFNHNGEHR;FTGSQPFGR;FVFGTTPEDILR;GDVNDNFQGVLQNVR;GQDLSSPAFR;GTSQNDPNWVVR;IMADSGPIYDK;IMADSGPIYDKTYAGGR;LCNNPTPQFGGKDCVGDVTENQVCNK;LCNSPSPQMNGKPCEGEAR;LVPNPDQK;NALWHTGNTPGQVR;NTDPGYNCLPCPPR;QVTQSYWDTNPTR;RPPLCFHNGVQYK;SCDSLNNRCEGSSVQTR;SITLFVQEDR;TCHIQECDKR;TIVTTLQDSIR;TKDLQAICGLSCDELSSMVLELK;VAKGDVNDNFQGVLQNVR",30,"IMADSGPIYDKTYAGGR;LCNSPSPQMNGKPCEGEAR",2,0.0666666666666667,14,21,17,2208.485,11655,1,40,129.647,TRUE,1,0,0.000597371565113501,0.00470914987044019
"26","P35564","P35564","AEEDEILNR;APVPTGEVYFADSFDR;APVPTGEVYFADSFDRGSLSGWILSK;CESAPGCGVWQR;CESAPGCGVWQRPMIDNPNYK;CGEDYKLHFIFR;DEEEEEEKLEEK;EIEDPEDR;GLVLMSR;IADPDAVKPDDWDEDAPSK;IPNPDFFEDLEPFK;KIPNPDFFEDLEPFK;MTPFSAIGLELWSMTSDIFFDNFIISGDRR;PMIDNPNYK;RPDADLK;RVVDDWANDGWGLK;SDASTPPSPK;SKSDASTPPSPK;TAELSLDQFHDK;TAELSLDQFHDKTPYTIMFGPDK;TGVYEEK;TPYTIMFGPDK;TYFTDKK;VTYKAPVPTGEVYFADSFDR;VVDDWANDGWGLK;VVDDWANDGWGLKK;WEVDEMKETK;YDGKWEVDEMK",28,"RPDADLK;TAELSLDQFHDK;TPYTIMFGPDK",3,0.107142857142857,24,31,27,778.005,11262,1,40,67.278,TRUE,1,0,0.000597371565113501,0.00470914987044019
"27","P35831","P35831","AIAQLFEK;EQYELVHR;ISCENEQAR;KVPLQEGPK;KYQEHEDVPICIHCSAGCGR;QLQLYEIHGAQK;SFDGNTLLNR;TGAICAIDYTWNLLK;TLLLEFQNESR;TLLLEFQNESRR;TPSQDSDYINANFIK;YWPLYGEDPITFAPFK",12,"ISCENEQAR;QLQLYEIHGAQK",2,0.166666666666667,26,33,29,631.481,7908,1,40,86.526,TRUE,1,0,0.000597371565113501,0.00470914987044019
"28","P39054","P39054","AFIHHELLAYLYSSADQSSLMEESAEQAQR;AGVYPEKDQAENEDGAQENTFSMDPQLER;AIPNQGEILVIR;AIPNQGEILVIRR;ALLQMVQQFGVDFEK;ALLQMVQQFGVDFEKR;CVDLVIQELISTVR;DMILQFISR;EISYAIK;ESLPTLR;ESSLILAVTPANMDLANSDALK;EVDPQGLR;FFLSHPAYR;FTDFDEVR;FTDFDEVRQEIEAETDR;GISPVPINLR;GMEELIPLVNK;GWLTINNISLMK;GYIGVVNR;IEGSGDQVDTLELSGGAR;IVTTYIR;KFFLSHPAYR;KYMLPLDNLK;LDLMDEGTDAR;LDLMDEGTDARDVLENK;LQDAFSSIGQSCHLDLPQIAVVGGQSAGK;LQSQLLSLEK;MEFDEKDLR;MGTPHLQK;NFRPDDPTR;NLVDSYVAIINK;NVYKDLR;QEIEAETDRVTGTNK;QIELACDSQEDVDSWK;RGWLTINNISLMK;RIEGSGDQVDTLELSGGAR;RPLILQLIFSK;SKLQSQLLSLEK;SSVLENFVGR;SSVLENFVGRDFLPR;TEYAEFLHCK;TGLFTPDLAFEAIVK;TGLFTPDLAFEAIVKK;TIGVITK;TIMHLMINNTK;TLNQQLTNHIR;VPVGDQPPDIEYQIK;VYSPHVLNLTLIDLPGITK;YMLPLDNLK",49,"EVDPQGLR;GMEELIPLVNK;IVTTYIR;LDLMDEGTDARDVLENK;NLVDSYVAIINK;RIEGSGDQVDTLELSGGAR;TIGVITK",7,0.142857142857143,31,40,37,274.076,5793,1,40,98.145,TRUE,1,0,0.000597371565113501,0.00470914987044019
"29","P42208","P42208","ADTLTLK;ADTLTLKER;AIHNKVNIVPVIAK;ASIPFSVVGSNQLIEAK;GRLYPWGVVEVENPEHNDFLK;IIPGAAEK;IIPGAAEKIER;ILDEIEEHSIK;KGFEFTLMVVGESGLGK;LRLTVVDTPGYGDAINCR;LTVVDTPGYGDAINCRDCFK;LYPWGVVEVENPEHNDFLK;MQAQMQMQMQGGDSDSGALGQHV;MQEMIAR;MSKQQPTQFINPETPGYVGFANLPNQVHR;QQPTQFINPETPGYVGFANLPNQVHR;QQPTQFINPETPGYVGFANLPNQVHRK;RILDEIEEHSIK;RMQEMIAR;STLINSLFLTDLYPER;TIISYIDEQFER;TMLITHMQDLQEVTQDLHYENFR;TVQIEASTVEIEER;VHCCFYFISPFGHGLKPLDVAFMK;VNIVPVIAK;YLHDESGLNR;YLHDESGLNRR",27,"IIPGAAEK;VNIVPVIAK",2,0.0740740740740741,32,40,37,274.076,7184,1,40,41.526,TRUE,1,0,0.000597371565113501,0.00470914987044019
"30","P45952","P45952","AAWEVDSGRR;AFTGFIVEADTPGIHIGK;AFTGFIVEADTPGIHIGKK;ALDEATKYALDR;EEIIPVAPEYDK;EEIIPVAPEYDKSGEYPFPLIK;ELNMGQR;ENVLIGEGAGFK;FAREEIIPVAPEYDK;GDEYVINGQK;GIAFEDVR;GIAFEDVRVPK;IAMGAFDR;IYQIYEGTAQIQR;LLVEHQGVSFLLAEMAMK;MTEQPMMCAYCVTEPSAGSDVAAIK;MWITNGGK;NTYYASIAK;SGEYPFPLIK;SGEYPFPLIKR;SNPDPKVPASK;TRPTVAAGAVGLAQR;VPKENVLIGEGAGFK",23,"GIAFEDVR;GIAFEDVRVPK",2,0.0869565217391304,1,8,4,8573.141,19608,1,40,46.481,TRUE,1,0,0.000597371565113501,0.00470914987044019
"31","P48962","P48962","AAYFGVYDTAK;DEGANAFFK;DFLAGGIAAAVSK;EFNGLGDCLTK;EQGFLSFWR;GADIMYTGTLDCWR;GDQALSFLKDFLAGGIAAAVSK;IAKDEGANAFFK;IPKEQGFLSFWR;KGADIMYTGTLDCWR;MGDQALSFLKDFLAGGIAAAVSK;NVHIIVSWMIAQSVTAVAGLVSYPFDTVR;QIFLGGVDR",13,"DEGANAFFK;DFLAGGIAAAVSK",2,0.153846153846154,18,26,22,1310.806,3101,1,40,32.904,TRUE,1,0,0.000597371565113501,0.00470914987044019
"32","P56399","P56399","AELSEEALLSVLPTIRVPK;AQVPFSSCLEAYGAPEQVDDFWSTALQAK;AVDWIFSHIDDLDAEAAMDISEGR;CDMRENLWLNLTDGSILCGR;DGLGGLPDIVR;DGLGGLPDIVRDR;DLGYIYFYQR;DRVTSAVEALLSADSASR;EEDTSAGTGDPPR;ENLWLNLTDGSILCGR;ENLWLNLTDGSILCGRR;ETGYPLAVK;EVQDGIAPR;FASFPDYLVIQIKK;FTFGLDWVPK;GHPEFSTNR;GTGLQPGEEELPDIAPPLVTPDEPK;IFQNAPTDPTQDFSTQVAK;IGEWELIQESGVPLKPLFGPGYTGIR;IPPCGWK;IVILPDYLEIAR;KFTFGLDWVPK;KLDVSIEMPEELDISQLR;KQEVQAWDGEVR;LGHGLLSGEYSKPALESGDGEQVPEQK;NLGNSCYLNSVVQVLFSIPDFQR;QAEEEKVPLPELVR;QEVQAWDGEVR;QQDAQEFFLHLINMVER;RYFDGSGGNNHAVEHYR;TDKTMTELEIDMNQR;TMTELEIDMNQR;VDYIMQLPVPMDAALNKEELLEYEEK;VTSAVEALLSADSASR;YFDGSGGNNHAVEHYR;YVDKLEK",36,"EVQDGIAPR;QEVQAWDGEVR;RYFDGSGGNNHAVEHYR",3,0.0833333333333333,16,23,20,1614.956,10728,1,40,95.833,TRUE,1,0,0.000597371565113501,0.00470914987044019
"33","P60122","P60122","ALESSIAPIVIFASNR;AQTEGINISEEALNHLGEIGTK;AVLLAGPPGTGK;EACGVIVELIK;EVYEGEVTELTPCETENPMGGYGK;GLGLDESGLAK;GTEDITSPHGIPLDLLDR;ILADQQDKYMK;KTEVLMENFR;LDPSIFESLQK;QAASGLVGQENAR;QLKLDPSIFESLQK;TALALAIAQELGSK;TEVLMENFR;TEVLMENFRR;TISHVIIGLK;TMLYTPQEMK;VPFCPMVGSEVYSTEIK;VPFCPMVGSEVYSTEIKK;YSVQLLTPANLLAK",20,"EACGVIVELIK;YSVQLLTPANLLAK",2,0.1,29,36,33,416.021,16120,1,40,50.214,TRUE,1,0,0.000597371565113501,0.00470914987044019
"34","P61087","P61087","DQWAAAMTLR;EVLKSEETSK;GEIAGPPDTPYEGGR;IENLCAMGFDR;IPETYPFNPPK;IWHPNISSVTGAICLDILK;KIENLCAMGFDR;LWAHVYAGAPVSSPEYTK;LWAHVYAGAPVSSPEYTKK;NAVIVALSSK;TVLLSLQALLAAAEPDDPQDAVVANQYK;VDLVDENFTELR;VDLVDENFTELRGEIAGPPDTPYEGGR;YQLEIKIPETYPFNPPK",14,"GEIAGPPDTPYEGGR;KIENLCAMGFDR",2,0.142857142857143,25,33,29,631.481,10690,1,40,22.407,TRUE,1,0,0.000597371565113501,0.00470914987044019
"35","P61222","P61222","AIIKPQYVDQIPK;CPFGALSIVNLPSNLEK;ILEDDLK;LPIPRPGEVLGLVGTNGIGK;NTVANSPQTLLAGMNK",5,"CPFGALSIVNLPSNLEK;ILEDDLK",2,0.4,5,13,9,5088.432,23868,1,40,67.314,TRUE,1,0,0.000597371565113501,0.00470914987044019
"36","P62334","P62334","ADHDFVVQEDFMK;ALQSVGQIVGEVLK;AVASQLDCNFLK;DHQPCIIFMDEIDAIGGR;DHQPCIIFMDEIDAIGGRR;DKALQDYR;ELREVIELPLTNPELFQR;EMFNYAR;EQLKELTK;EVDPLVYNMSHEDPGNVSYSEIGGLSEQIR;EVIELPLTNPELFQR;FSEGTSADR;FSEGTSADREIQR;GCLLYGPPGTGK;HGEIDYEAIVK;IHAGPITK;IHIDLPNEQAR;KIHIDLPNEQAR;LLEHKEIDGR;LSDGFNGADLR;NVCTEAGMFAIR;TLMELLNQMDGFDTLHR;VALDMTTLTIMR;VGIIPPKGCLLYGPPGTGK;VVSSSIVDK;VVSSSIVDKYIGESAR",26,"LLEHKEIDGR;VVSSSIVDK",2,0.0769230769230769,23,30,26,863.562,8628,1,40,44.173,TRUE,1,0,0.000597371565113501,0.00470914987044019
"37","P62996","P62996","AAQDRDQIYR;ANGMELDGR;ANGMELDGRR;ANPDPNCCLGVFGLSLYTTER;GFAFVYFENVDDAKEAK;IRVDFSITK;VDFSITK",7,"ANPDPNCCLGVFGLSLYTTER;VDFSITK",2,0.285714285714286,1,7,4,8573.141,12044,1,40,33.666,TRUE,1,0,0.000597371565113501,0.00470914987044019
"38","P80313","P80313","AIKNDSVVAGGGAIEMELSK;AKTCTIILR;ALEIIPR;ATISNDGATILK;CAMTALSSK;DMFCAGR;EGTDSSQGIPQLVSNISACQVIAEAVR;EIAVTVK;GGAEQFMEETER;GKATISNDGATILK;GMDKLIVDGR;IALLNVELELK;IKEIAVTVK;INALTAASEAACLIVSVDETIK;INALTAASEAACLIVSVDETIKNPR;KTFSYAGFEMQPK;KVQGGALEESQLVAGVAFK;LLDVVHPAAK;LPIGDVATQYFADR;LPIGDVATQYFADRDMFCAGR;MVVDAVMMLDELLQLK;QLCDNAGFDATNILNK;QQLLIGAYAK;QVKPYVEEGLHPQIIIR;SLHDAIMIVRR;SQDAEVGDGTTSVTLLAAEFLK;STVDPPAPSAGR;TATQLAVNK;TCTIILR;TFSYAGFEMQPK;TLVDIAK;VHTVEDYQAIVDAEWNILYDK;VHTVEDYQAIVDAEWNILYDKLEK;VPEEDLKR;VQGGALEESQLVAGVAFK;VQGGALEESQLVAGVAFKK;YNFFTGCPK",37,"GKATISNDGATILK;MVVDAVMMLDELLQLK;TATQLAVNK",3,0.0810810810810811,26,33,29,631.481,19004,1,40,59.652,TRUE,1,0,0.000597371565113501,0.00470914987044019
"39","P83870","P83870","CVICDSYVRPCTLVR;CVICGGPGVSDAYYCK;CVICGGPGVSDAYYCKECTIQEK;HHPDLIFCR;ICDECNYGSYQGR;IVNLGSSK;TDLFYER",7,"CVICGGPGVSDAYYCK;HHPDLIFCR",2,0.285714285714286,28,35,31,512.552,15397,1,40,12.405,TRUE,1,0,0.000597371565113501,0.00470914987044019
"40","P97814","P97814","AGGQTEMNSLR;CRDADDAEQAFER;DADDAEQAFER;DFTAHTGYEVLLQR;DVEELLR;ELVQIAR;GFVPGSYLEKL;KAGGQTEMNSLR;LTLEGCDVEGDINGFIQSK;MCKDVEELLR;NALWVHCNQLSMQCVKDDELYEEVR;QNIEQLER;STGREPPAPVPYQNYYDR;TEWEQEHR;TTCEAFQLQEFDR;TTCEAFQLQEFDRLTILR;TTPSAPAASTETLTPTPER",17,"LTLEGCDVEGDINGFIQSK;TEWEQEHR",2,0.117647058823529,5,12,8,5648.007,30080,1,40,47.59,TRUE,1,0,0.000597371565113501,0.00470914987044019
"41","Q00993","Q00993","ALPPAQEPDEILYVNMDEGGSHLEPR;CELQVQGEPPEVVWLR;CWELNPR;DSCSCLTAADVHSAGR;EFDHPNVMR;EGFPEPVVILPFMK;FMADIASGMEYLSTKR;GAAGGADPPTQPDPK;GQDTPEVLMDIGLTR;GQTPYPGVENSEIYDYLR;HGDLHSFLLYSR;LGDQPVFLPTQMLVK;LIGVCFQGSDR;LKQPVDCLDGLYALMSR;SELEDFLSEAVCMK;SELEDFLSEAVCMKEFDHPNVMR;TATITVLPQRPHHLHVVSR;TFVSQPGFVGLEGLPYFLEEPEDK;TLGEGEFGAVMEGQLNQDDSILK;VPLQGTLLGYR;WIAIESLADR;YGEVFEPTVER;YGEVFEPTVERGELVVR;YVLCPSTAPGPTLSADR",24,"SELEDFLSEAVCMK;TFVSQPGFVGLEGLPYFLEEPEDK;TLGEGEFGAVMEGQLNQDDSILK",3,0.125,15,21,18,1989.68,28446,1,40,98.191,TRUE,1,0,0.000597371565113501,0.00470914987044019
"42","Q01405","Q01405","AATTGHVIDIYACALDQTGLLEMK;AETEEGPDVLR;AVLNPLCQVDYR;CCPNLTGGYMVMGDSFNTSLFK;ERPDLPPIQYEPVLCSR;FGEYHKDDPNSFR;FLQPVQK;FSETFSLYPQFMFHLR;GAVQFVTQYQHSSGQR;GPCVSENEIGTGGTCQWK;GPQVQQPPPSNR;HFEALANR;HLLQAPVDDAQEILHSR;ICGLSPTTTLAIYFEVVNQHNAPIPQGGR;IDMNLTDLLGELQRDPWPVPQGK;IMMFIGGPATQGPGMVVGDELK;IMMFIGGPATQGPGMVVGDELKTPIR;ISGAIGPCVSLNSK;KSGYQDMPEYENFR;LWACNFCYQR;MVQVHELGCEGISK;QLQEMLGLSK;SGYQDMPEYENFR;SWHDIEKDNAK;VPVTQATR",25,"AETEEGPDVLR;HLLQAPVDDAQEILHSR;ICGLSPTTTLAIYFEVVNQHNAPIPQGGR;VPVTQATR",4,0.16,1,7,4,8573.141,29113,1,40,86.162,TRUE,1,0,0.000597371565113501,0.00470914987044019
"43","Q01405","Q01405","AATTGHVIDIYACALDQTGLLEMK;AETEEGPDVLR;AVLNPLCQVDYR;CCPNLTGGYMVMGDSFNTSLFK;ERPDLPPIQYEPVLCSR;FGEYHKDDPNSFR;FLQPVQK;FSETFSLYPQFMFHLR;GAVQFVTQYQHSSGQR;GPCVSENEIGTGGTCQWK;GPQVQQPPPSNR;HFEALANR;HLLQAPVDDAQEILHSR;ICGLSPTTTLAIYFEVVNQHNAPIPQGGR;IDMNLTDLLGELQRDPWPVPQGK;IMMFIGGPATQGPGMVVGDELK;IMMFIGGPATQGPGMVVGDELKTPIR;ISGAIGPCVSLNSK;KSGYQDMPEYENFR;LWACNFCYQR;MVQVHELGCEGISK;QLQEMLGLSK;SGYQDMPEYENFR;SWHDIEKDNAK;VPVTQATR",25,"AETEEGPDVLR;HLLQAPVDDAQEILHSR",2,0.08,7,14,11,4130.11,18719,1,40,86.162,TRUE,1,0,0.000597371565113501,0.00470914987044019
"44","Q02053","Q02053","AEVSQPR;ALVLELCCNDESGEDVEVPYVR;ATLPSPDKLPGFK;AVTLHDQGTTQWADLSSQFYLR;AVTLHDQGTTQWADLSSQFYLREEDIGK;DEFEGLFKQPAENVNQYLTDSK;ERLDQPMTEIVSR;FEVQGLQPNGEEMTLK;FMPIMQWLYFDALECLPEDKEALTEEK;GGIVSQVK;GGIVSQVKVPK;GLGVEIAK;GNVQVVIPFLTESYSSSQDPPEK;HGFETGDFVSFSEVQGMIQLNGCQPMEIK;HQYYNQEWTLWDR;HQYYNQEWTLWDRFEVQGLQPNGEEMTLK;IHVSDQELQSANASVDDSR;IHVSDQELQSANASVDDSRLEELK;IIPAIATTTAAVVGLVCLELYK;IYDDDFFQNLDGVANALDNIDAR;LAYVAAGDLAPINAFIGGLAAQEVMK;LKSDTAAAAVR;LVVADTR;MYPIDFEK;MYPIDFEKDDDSNFHMDFIVAASNLR;NFAMIGLGCGEGGEVVVTDMDTIEK;NFPNAIEHTLQWAR;NFPNAIEHTLQWARDEFEGLFK;NGFLNLALPFFGFSEPLAAPR;NGSEADIDESLYSR;NRAEVSQPR;QFLDYFK;QKYFLVGAGAIGCELLK;QLLHNFPPDQLTSSGAPFWSGPK;QNRYDGQVAVFGSDFQEK;QNSLDEDLIR;QNSLDEDLIRK;QPAENVNQYLTDSK;SDTAAAAVR;SIPICTLK;SLVLQRPQTWGDCVTWACHHWHTQYCNNIR;TEHKLEITMLSQGVSMLYSFFMPAAK;VGEFCHSR;VGPDTER;VGPDTERIYDDDFFQNLDGVANALDNIDAR;VLGPYTFSICDTSNFSDYIR;VVQGHQQLDSYK",47,"IHVSDQELQSANASVDDSRLEELK;QKYFLVGAGAIGCELLK;SIPICTLK",3,0.0638297872340425,6,13,10,4584.298,6876,1,40,117.809,TRUE,1,0,0.000597371565113501,0.00470914987044019
"45","Q02053","Q02053","AEVSQPR;ALVLELCCNDESGEDVEVPYVR;ATLPSPDKLPGFK;AVTLHDQGTTQWADLSSQFYLR;AVTLHDQGTTQWADLSSQFYLREEDIGK;DEFEGLFKQPAENVNQYLTDSK;ERLDQPMTEIVSR;FEVQGLQPNGEEMTLK;FMPIMQWLYFDALECLPEDKEALTEEK;GGIVSQVK;GGIVSQVKVPK;GLGVEIAK;GNVQVVIPFLTESYSSSQDPPEK;HGFETGDFVSFSEVQGMIQLNGCQPMEIK;HQYYNQEWTLWDR;HQYYNQEWTLWDRFEVQGLQPNGEEMTLK;IHVSDQELQSANASVDDSR;IHVSDQELQSANASVDDSRLEELK;IIPAIATTTAAVVGLVCLELYK;IYDDDFFQNLDGVANALDNIDAR;LAYVAAGDLAPINAFIGGLAAQEVMK;LKSDTAAAAVR;LVVADTR;MYPIDFEK;MYPIDFEKDDDSNFHMDFIVAASNLR;NFAMIGLGCGEGGEVVVTDMDTIEK;NFPNAIEHTLQWAR;NFPNAIEHTLQWARDEFEGLFK;NGFLNLALPFFGFSEPLAAPR;NGSEADIDESLYSR;NRAEVSQPR;QFLDYFK;QKYFLVGAGAIGCELLK;QLLHNFPPDQLTSSGAPFWSGPK;QNRYDGQVAVFGSDFQEK;QNSLDEDLIR;QNSLDEDLIRK;QPAENVNQYLTDSK;SDTAAAAVR;SIPICTLK;SLVLQRPQTWGDCVTWACHHWHTQYCNNIR;TEHKLEITMLSQGVSMLYSFFMPAAK;VGEFCHSR;VGPDTER;VGPDTERIYDDDFFQNLDGVANALDNIDAR;VLGPYTFSICDTSNFSDYIR;VVQGHQQLDSYK",47,"LVVADTR;VGPDTERIYDDDFFQNLDGVANALDNIDAR",2,0.0425531914893617,14,22,18,1989.68,9867,1,40,117.809,TRUE,1,0,0.000597371565113501,0.00470914987044019
"46","Q05920","Q05920","ADEAYLIGR;ADFAQACQDAGVR;AEAEAQAEELSFPR;ALAVSDLNR;AYVEANQMLGDLIK;DFTATFGPLDSLNTR;DMAGLLKPAACTMLVSSLR;FIGPSPEVVR;GANAVGYTNYPDNVVFK;GLAPVQAYLHIPDIIK;GQIGAPMPGK;GTPLDTEVPLER;HIEVQILGDQYGNILHLYER;HYFIEVNSR;IAPYVAHNFNK;IEGRPGASLPPLNLK;INGCAIQCR;IVGDLAQFMVQNGLSR;KAYVEANQMLGDLIK;LDNASAFQGAVISPHYDSLLVK;LFLQGPK;NHQGLLLMDTTFR;QKADEAYLIGR;QVFFELNGQLR;SFQPDTGRIEVFR;SLPDLGLR;SLPDLGLRQENIR;SVVEFLQGYIGIPHGGFPEPFR;TVAVYSEQDTGQMHR;VFDYSEYWEGAR;VIAHGKDHPTAATK;VVEIAPATHLDPQLR;VVHSYEELEENYTR",33,"ADFAQACQDAGVR;ALAVSDLNR;DMAGLLKPAACTMLVSSLR;GLAPVQAYLHIPDIIK;HIEVQILGDQYGNILHLYER;HYFIEVNSR;IEGRPGASLPPLNLK;KAYVEANQMLGDLIK;LFLQGPK;NHQGLLLMDTTFR;QVFFELNGQLR;SFQPDTGRIEVFR;SLPDLGLRQENIR;SVVEFLQGYIGIPHGGFPEPFR;VIAHGKDHPTAATK;VVEIAPATHLDPQLR",16,0.484848484848485,5,13,9,5088.432,16194,1,40,129.685,TRUE,1,0,0.000597371565113501,0.00470914987044019
"47","Q05D44","Q05D44","AIQEALAK;ALPGMGTTIDVILINGR;APIICVLGHVDTGK;AQVMEVK;ASVMLEHDPQYAVILAFDVR;CPFIVALNK;CPFIVALNKIDR;DAAAVKPTENNEEESASK;DAQEMADSLGVR;ELEELSLEAQGIR;ENVRIPGMLIIDTPGHESFSNLR;GLLLPPPMK;GLLLPPPMKELR;GTPDTGAASEEK;HFEATDILVSK;HIAVFPCK;HKEVEAAQGVK;HLQAQGVEVPSK;HLQAQGVEVPSKDSLPK;IEPIPGESPK;IFSAEIIYHLFDAFTK;ILGKDLEK;ILPQYIFNSR;ILPQYIFNSRDPIVIGVTVEAGQVK;KSPDSDVAVTLK;LAHCEELR;LRAPIICVLGHVDTGK;NFDRENVR;NTKDEFEER;QGTPMCVPSK;QSIDALKDWFR;QTLNAIKLEEK;RLAHCEELR;SDWQLIVELK;SDWQLIVELKK;SPDSDVAVTLK;SPDSDVAVTLKK;SVPTVDSGNEDDDSSFK;TSEVPYAGINIGPVHK;TSEVPYAGINIGPVHKK",40,"ILPQYIFNSRDPIVIGVTVEAGQVK;NTKDEFEER;RLAHCEELR",3,0.075,29,37,33,416.021,10218,1,40,137.616,TRUE,1,0,0.000597371565113501,0.00470914987044019
"48","Q0VBK2","Q0VBK2","ALNDKFASLIGK;SLEEAEAYSR",2,"ALNDKFASLIGK;SLEEAEAYSR",2,1,17,25,21,1454.955,10848,1,40,50.66,TRUE,1,0,0.000597371565113501,0.00470914987044019
"49","Q2HXL6","Q2HXL6","ALDFLWEK;ALDFLWEKR;ATGDPYYLEVGK;EGSIILDAIR;GFVASSKPYNGCSELTNPEAVMGK;VLGGLLGGHSLAIMLK;VQLVQHAIQAASSIDAEDGLR",7,"EGSIILDAIR;VQLVQHAIQAASSIDAEDGLR",2,0.285714285714286,16,24,20,1614.956,15273,1,40,104.2,TRUE,1,0,0.000597371565113501,0.00470914987044019
"50","Q2NL51","Q2NL51","AKLITPIIYIK;DIKPQNLLVDPDTAVLK;DSGKVTTVVATVGQGPER;LITPIIYIK;LSPLEACAHSFFDELRR;SLAYIHSQGVCHR;SQEVAYTDIK;TPPEAIALCSSLLEYTPSSR;VIGNGSFGVVYQAR;VTTVVATVGQGPER;VYMYQLFR",11,"LSPLEACAHSFFDELRR;VYMYQLFR",2,0.181818181818182,10,18,14,3020.146,24857,1,40,51.661,TRUE,1,0,0.000597371565113501,0.00470914987044019
"51","Q2TBA3","Q2TBA3","ALTDPVQGAPCSAEALVR;DAGFYVCR;EIPYGNSSELVFNTVHVK;ITVLLDEVAEDMGK;LQICVEPR;LSESLDRAPEGR;LSGLDLEQCSLK;SENCLCVQNILK",8,"LSESLDRAPEGR;SENCLCVQNILK",2,0.25,5,12,8,5648.007,11478,1,40,93.216,TRUE,1,0,0.000597371565113501,0.00470914987044019
"52","Q3TCN2","Q3TCN2","AFLPNGPSPGSR;DQSLVEDMDAMVR;EMELNPDSPYWHQVR;ETGWAYLDLSTNGR;FNSGTYNNQWMIVDYK;GLEDSYEGR;LALDGATWADVFK;LALDGATWADVFKR;LKNFLEANLEWMQR;LLPGGHDLLVAHNTWNSYQNMLR;LTFPTGR;NFLEANLEWMQR;SLLLDAASGQLR;SPFHSMLHMGQPDLWMFSPIR;SPFHSMLHMGQPDLWMFSPIRVPWD;VLTILEQIPGMVVVADK;VLTILEQIPGMVVVADKTAELYK;VTSFTLAK;YMSMLAASGPTWDQCPPFQWSK;YNDFLHDPLSLCEACNPKPNAENAISAR;YVQPQGCVLEWIR",21,"GLEDSYEGR;YVQPQGCVLEWIR",2,0.0952380952380952,1,8,4,8573.141,25019,1,40,66.289,TRUE,1,0,0.000597371565113501,0.00470914987044019
"53","Q3TTY5","Q3TTY5","DYQELMNTK;FASFIDKVR;HGDSLKEIK;LLEGEECR;LLRDYQELMNTK;VDPEIQNVK",6,"DYQELMNTK;HGDSLKEIK;LLEGEECR;LLRDYQELMNTK;VDPEIQNVK",5,0.833333333333333,17,25,21,1454.955,44028,1,40,70.923,TRUE,1,0,0.000597371565113501,0.00470914987044019
"54","Q3UHC2","Q3UHC2","GVCEESESSQEK;HGGDIIVIGLEK;KLNLSNNQLGELPCVQSSDEIICSR;LSLPGGSSTVQCPSMEEIHTAYK;LTELPVQFMHSFK;NLSELYLGNNPGLR;SLGDQVQYLTDR;STLLEILQTGK;YQGQPVAVKR",9,"LTELPVQFMHSFK;STLLEILQTGK",2,0.222222222222222,14,22,18,1989.68,22014,1,39,225.47,TRUE,1,0,0.000597371565113501,0.00470914987044019
"55","Q4LDD4","Q4LDD4","AESDVERNEWMQALQQAVVEHR;AFVPPLAEDLLAR;AGWLDKNPPQGSYIYQK;ASEIVCLAVSPLDTHGFEHTFEVYTEGER;AVFPEGPWEEPLQLR;CVDYITQCGLTSEGIYRK;DLPDGLFTR;EELLLPSVSPR;FVPVACICR;HYSVTLPTVSHSGFLYK;IWAAAPNR;KYQSMEAMLLYLASR;LSSASVLGVR;LYLFGLENAELAHEWVK;MGSVSLIPLR;NEWMQALQQAVVEHR;SFDLTTPYR;SLIPDLPLHPMDELPGGPTPITPVIK;SLLGLGLPSGGFHDR;SVAAFTADPLSLLR;TGPPYPQASLLAK;VAGTASGTQHAGDFICTVYLEEK;VAPIGDQKFEVITNNR;WCVLSDGVLSYYENER;YFILNSSCLR",25,"AGWLDKNPPQGSYIYQK;TGPPYPQASLLAK",2,0.08,6,13,10,4584.298,22075,1,40,162.276,TRUE,1,0,0.000597371565113501,0.00470914987044019
"56","Q60604","Q60604","EGQAPAPPTR;GDYQTSPLLETR;QGHEPPTFTGWFLGWDSSR;SLGGQAVQVR;SQLIVVEEGSEPSELMK;TPIVIIK;YSTNTQIQVLPEGGETPIFK",7,"QGHEPPTFTGWFLGWDSSR;SLGGQAVQVR;SQLIVVEEGSEPSELMK",3,0.428571428571429,24,32,28,700.925,25944,1,40,80.254,TRUE,1,0,0.000597371565113501,0.00470914987044019
"57","Q60770","Q60770","AAYIYFTDFCPDSLFNK;CPAVWNGSGAVSAR;DSMLVLLPVLLNK;HIAVVLEEIPK;IEDDSDMIR;IMLLDEFTTK;MTDLLEEGITVIENIYK;QVVHLNLAEDCMNK;SCEVIIGSTHILTPR;TEQDLALGTDAEGQR;TQSQLLIIDR;TSLSALTQLMK;VKDSMLVLLPVLLNK;WTPFIKDIMEDAIDNR",14,"TEQDLALGTDAEGQR;VKDSMLVLLPVLLNK",2,0.142857142857143,15,23,19,1792.553,26081,1,40,67.942,TRUE,1,0,0.000597371565113501,0.00470914987044019
"58","Q61043","Q61043","DLLDQHLEER;EALILILSR;FGDLDPSSAEFFLQEER;ILDTWQEEGIENSQEILK;VFSCLDDGMGQASVER",5,"ILDTWQEEGIENSQEILK;VFSCLDDGMGQASVER",2,0.4,1,7,4,8573.141,35297,1,38,243.718,TRUE,1,0,0.000597371565113501,0.00470914987044019
"59","Q61072","Q61072","DCFIEVNSK;DCQFLPGGSMCR;ECEVDPCCEGSTCK;GGSCLLNIPKPDEAYSAPSCGNK;GYGGSVDSGPTYNAK;LQCENVQDMPVFGIVPAIIQTPSR;LVDPGEECDCGTAK;LVDPGEECDCGTAKECEVDPCCEGSTCK;SCIMNSGASGSR;SFAECAYGDCCK;SFAECAYGDCCKDCQFLPGGSMCR;YVELFIVVDKER",12,"GYGGSVDSGPTYNAK;LVDPGEECDCGTAK;LVDPGEECDCGTAKECEVDPCCEGSTCK",3,0.25,18,26,22,1310.806,34350,1,40,92.079,TRUE,1,0,0.000597371565113501,0.00470914987044019
"60","Q61074","Q61074","AIGDHFYKR;ALDMSYDHKPEDEVELAR;ALQDAFLAIDAK;CSGDGVGAPR;CVVSEAGK;EEPGSDSGTTAVVALIR;ETPSQENGPTAK;GKQLIVANAGDSR;ISQRDENGELR;KLEEALSTEGAEDTGNSDK;LPLPYGFSAMQGWR;LTTEEVIK;NKNLPPQEQMISALPDIK;NLPPQEQMISALPDIK;NTVELQAESGKR;QLIVANAGDSR;SGIGTGDEPGPQGLNGEAGPEDPSR;VNGGLNLSR;YLPDIIK;YLPDIIKDQK",20,"CSGDGVGAPR;CVVSEAGK;EEPGSDSGTTAVVALIR;KLEEALSTEGAEDTGNSDK;LTTEEVIK;NKNLPPQEQMISALPDIK;SGIGTGDEPGPQGLNGEAGPEDPSR",7,0.35,1,8,4,8573.141,5086,1,40,58.728,TRUE,1,0,0.000597371565113501,0.00470914987044019
"61","Q61490","Q61490","EIDPGTQLYTVTSSLEYK;ESLTLIVEGKPQIK;FVCMLVTEDNVFEAPTLVK;QIGDTLPVSCTISASR;SDIQMPFTCSVTYYGPSGQK;SSNTYTLTDVR;SSPSFSSLHYQDAGNYVCETALQEVEGLK;SVQYDDVPEYKDR;VLQPVEGEVAILFK;VLQPVEGEVAILFKK",10,"FVCMLVTEDNVFEAPTLVK;SDIQMPFTCSVTYYGPSGQK;SSPSFSSLHYQDAGNYVCETALQEVEGLK",3,0.3,24,32,28,700.925,12846,1,40,65.092,TRUE,1,0,0.000597371565113501,0.00470914987044019
"62","Q61495","Q61495","EMQDLGGGER;EVTPFFIIYCR;IIRQEPSDSPMFIINR;QEPSDSPMFIINR",4,"EMQDLGGGER;EVTPFFIIYCR;IIRQEPSDSPMFIINR;QEPSDSPMFIINR",4,1,17,25,21,1454.955,33352,1,40,114.597,TRUE,1,0,0.000597371565113501,0.00470914987044019
"63","Q61598","Q61598","AYDATTHFETTCDDIK;AYDATTHFETTCDDIKDIYK;CKQLICDPSYVK;DLGTDSQIFISR;DWNVDLIPK;FDLGQDVIDFTGHSLALYR;FKLPGQPPASMGR;FLMANGQLVK;FLVYVANFDEK;FLVYVANFDEKDPR;FVSISDLFVPK;FVSISDLFVPKDLGTDSQIFISR;GRDWNVDLIPK;IKLYSESLAR;IYKVPSTEAEALASSLMGLFEK;KFDLGQDVIDFTGHSLALYR;KNDIYGED;KSDIYVCMISFAHNVAAQGK;KVLHMDQNPYYGGESASITPLEDLYK;LPGQPPASMGR;LSAIYGGTYMLNKPIEEIIVQNGK;LYSESLAR;MLLFTEVTR;MTGSEFDFEEMK;MTGSEFDFEEMKR;NTNDANSCQIIIPQNQVNR;NTNDANSCQIIIPQNQVNRK;PALELLEPIEQK;QLICDPSYVK;QLICDPSYVKDR;SDIYVCMISFAHNVAAQGK;SPYLYPLYGLGELPQGFAR;TFEGVDPK;TSMRDVYK;VICILSHPIK;VICILSHPIKNTNDANSCQIIIPQNQVNR;VIEGSFVYK;VIEGSFVYKGGK;VLHMDQNPYYGGESASITPLEDLYK;VLHMDQNPYYGGESASITPLEDLYKR;VPSTEAEALASSLMGLFEK;VVGVKSEGEIAR;YGKSPYLYPLYGLGELPQGFAR",43,"LSAIYGGTYMLNKPIEEIIVQNGK;MTGSEFDFEEMKR",2,0.0465116279069767,16,24,20,1614.956,13531,1,40,50.537,TRUE,1,0,0.000597371565113501,0.00470914987044019
"64","Q61644","Q61644","AGDELTKLGEEDEQGWCR;ALYDYDGQEQDELSFK;AWGAMMTEADKVSELHQEVK;AYAQQLTDWAK;AYHLACKEER;EVLLDIKR;GADAQEDLR;GPQYGSLER;GRLDSGQLGLYPANYVEAI;HLNLAENSSYMHVYR;KAEGATLSNATGAVESTSQAGDR;LCNDLMSCVQER;LGEEDEQGWCR;STSGPGMPMNWPQFEEWNPDLPHTTAK;TEQSVTPEQQK;VLEDVGK",16,"ALYDYDGQEQDELSFK;AYAQQLTDWAK;AYHLACKEER;EVLLDIKR;GADAQEDLR;GPQYGSLER;GRLDSGQLGLYPANYVEAI;KAEGATLSNATGAVESTSQAGDR;LCNDLMSCVQER;LGEEDEQGWCR;STSGPGMPMNWPQFEEWNPDLPHTTAK",11,0.6875,34,40,37,274.076,5727,1,40,50.575,TRUE,1,0,0.000597371565113501,0.00470914987044019
"65","Q61749","Q61749","AGVPTSYLLIPAASYVLPEVSK;AHNVPVLVCCETYK;ELPGPGSQLGGTAGEK;GADQEIGSAVSAAQR;GDQVALANWQSHPSLR;IVLAAQAISR;KGEQGGVPPQACPSTAGETTSGVK;LGLQYSQGLISGSNAR;QSSLTQYMSIPSSVIHPAMVR;RGDQVALANWQSHPSLR;TELSPRPGAAGR;VGTAQLALVAR;VLLGAHALLANGSVMSR;VQTDAFVSNELDDPDDLQCK;VQTDAFVSNELDDPDDLQCKR;VSLFSHLPQYSR",16,"GADQEIGSAVSAAQR;TELSPRPGAAGR",2,0.125,29,36,33,416.021,11804,1,40,57.624,TRUE,1,0,0.000597371565113501,0.00470914987044019
"66","Q62276","Q62276","ETLLQSYNKR;IEDETQVSR;QFLILNDFPSVNEAIDQR;SIMDNFTEIIK",4,"IEDETQVSR;QFLILNDFPSVNEAIDQR",2,0.5,25,33,29,631.481,18708,1,40,22.282,TRUE,1,0,0.000597371565113501,0.00470914987044019
"67","Q62448","Q62448","ASSLISLLK;DLGVFIPAPMAQGR;DMGEDLECLCQIMR;EWLTELFQQSK;GLSFLFPLLKLEK;LAEDAPNFDGPAAEGQPGQK;LQDEFENR;LQDREWLTELFQQSK;MCSLMLSK;MLEILEGK;SYLAQFAAR;TNPPLIQEKPAK",12,"DLGVFIPAPMAQGR;SYLAQFAAR",2,0.166666666666667,6,14,10,4584.298,21995,1,40,102.106,TRUE,1,0,0.000597371565113501,0.00470914987044019
"68","Q64737","Q64737","AAGFKDPLLASGTDGVGTK;AAVAGLDR;AVDGMQQEGAPYTGILYAGIMLTK;CFGPTAQAAQLESSK;DQAEQVLHDVR;DSGVDIAAGNMLVK;EFMDRHEIPTAQWR;EHTLAWK;FGVDLDASTWR;GVEITGFPEAQALGLQVFHAGTALK;GVEITGFPEAQALGLQVFHAGTALKDGK;HEIPTAQWR;IFPAALQLVASGAVQLR;ILSGPFVR;IYSHSLLPIIR;MLNIHPSLLPSFK;RQEEAWVIGSVVACPEDSPR;SSLQYSSPAPGGCGDQTLGDLLLTPTR;TFNCGIGAALVVSK;TVAEMPPAQDHKR;VKNLIETIQTNGSLVANGFLK;VLVIGSGGR",22,"EFMDRHEIPTAQWR;RQEEAWVIGSVVACPEDSPR",2,0.0909090909090909,1,9,4,8573.141,15115,1,40,107.503,TRUE,1,0,0.000597371565113501,0.00470914987044019
"69","Q68FL6","Q68FL6","ADKNQVAAEVAK;AELLISTVGPEECVVPFLTRPK;AMEEGLTPR;DNVPFHGLVFPCSVLGAEDNYTLVK;EICDKYHAIHADIYR;FFGGCVPEMALTPDDR;FFGGCVPEMALTPDDRR;FLADRFVEGVCPFCGYEEAR;FVEGVCPFCGYEEAR;FVEGVCPFCGYEEARGDQCDR;GIGVFGDMAK;GLESLPPLKLQQHPVLPVPGER;GSPKPAAVEAVTAAGSQHIQTLTDEVTK;HGNQYIQVNEPWKR;HIIATEYLNYEDGKFSK;IGTVSPLFQK;IGTVSPLFQKLENDQIENLR;ILATSFICTLPAGHR;LEDWLGK;LENDQIENLR;LFVSEGSPGSLPVLAAAAR;LINAIELK;LQQHPVLPVPGER;LRQWNTLYLCGTDEYGTATETK;NNSELLNNLGNFINR;NPEQVDLYQFMAK;NQVAAEVAK;QLALAEGKPIETPK;QPQPQPPPPEGR;QQGVLALR;RLEDWLGK;SSQHLFLDLPK;SSQHLFLDLPKLEK;TVPGSDWTPNAR;TVSNELEEEELATLSEEDIVTAVAAWEK;VLTHIDHSLSR;VPVLQLDSGNYLFSASAICR;WWKNPEQVDLYQFMAK;YHAIHADIYR",39,"QLALAEGKPIETPK;QPQPQPPPPEGR",2,0.0512820512820513,25,33,29,631.481,16815,1,40,101.431,TRUE,1,0,0.000597371565113501,0.00470914987044019
"70","Q6DFV7","Q6DFV7","FGLWLDADLYHGR;GTTSESPSVTQLSMR;SEIQLWLLKR;VLSSTSEEDEPGVVK",4,"FGLWLDADLYHGR;SEIQLWLLKR;VLSSTSEEDEPGVVK",3,0.75,15,22,18,1989.68,35958,1,40,106.357,TRUE,1,0,0.000597371565113501,0.00470914987044019
"71","Q6GQT9","Q6GQT9","AEDDQPLPGVLLSLSGGVFR;AEGNDHIER;AGLFLEGQIHPELEGVEIVISEK;ALGQAASDSSGPEDMKR;ARPPGQEMVDELQGPFSYDFSYWAR;DCSIYGEDTVTDEEGKFR;DGENYVVLLDTTLPR;EDGSFSFYSLPSGGYTVVPFYR;EFRFEPSSQMIEVQEGQNLR;EGYVLTAVEGTVGDFK;EHLYFEMVTIK;ELLFYPPSMEATVSGESCPGK;EQQLAEIETR;FEPSSQMIEVQEGQNLR;FEQAFYTYDTSSPSILTLTAIR;GGDINFLFTGFSVNGK;GLLPGCMYHVQLK;GQPLGPAGVQVSLR;HHVLGTIITDK;HITLVFSPTR;IAPNTPQLADLIATGFSICGQIAIVR;IEPPLGWSFEPTNVELR;IEPVFHVMGFSVTGR;IQSTVTQPGGK;ISIMHEDWCWR;ITFDVAPSR;ITFDVAPSRLDFTVEHDSLR;ITVTPSSK;LDFTVEHDSLR;SCHRFEQAFYTYDTSSPSILTLTAIR;SDVEINYSLIEIK;SESLDNPIQTVSLGQSLFFHFPPLLR;SLQLSGK;SNLLTQDNGILTFSNLSPGQYYFKPMMK;SQYDYVLPQVSFTAVGYHK;SSIDSEPALVLGPLK;TAYSCYGTVSSLNGEPEQGVAVEAVGQK;VDGVSDICTK;VIEVGNNDVDDVNIIVFR;VLNGPDGEGVPEAVVTLNNQIK;VLPGDYEILATHPTWALK;VNSMTFTFDK;VNSMTFTFDKVLPGR;VQVVVPEAETR;VSCLDTCGDLLVTLQSLSR;VVLSSQDKDK;YQTDCAPNNGYFMIPLYDKGDFILK",47,"EFRFEPSSQMIEVQEGQNLR;EQQLAEIETR;FEPSSQMIEVQEGQNLR;GLLPGCMYHVQLK;GQPLGPAGVQVSLR;IEPPLGWSFEPTNVELR;IEPVFHVMGFSVTGR;IQSTVTQPGGK;SCHRFEQAFYTYDTSSPSILTLTAIR;VLNGPDGEGVPEAVVTLNNQIK;VLPGDYEILATHPTWALK",11,0.234042553191489,15,23,19,1792.553,14518,1,40,133.42,TRUE,1,0,0.000597371565113501,0.00470914987044019
"72","Q6IFX2","Q6IFX2","ALEEANADLEVK;DAEEWFFTK;DAEEWFFTKTEELNR;MSVEADINGLRR;NHEEEMNALR;VLDELTLAR",6,"ALEEANADLEVK;DAEEWFFTK;DAEEWFFTKTEELNR;MSVEADINGLRR;NHEEEMNALR",5,0.833333333333333,17,25,21,1454.955,48118,1,40,50.133,TRUE,1,0,0.000597371565113501,0.00470914987044019
"73","Q6NVF4","Q6NVF4","AVEVLLTAPTGK;DFCSFESSK;DVTDVTFKR;FDAELNICGNPTLPLSIQDK;LIFAVGDK;NALVIYSK;QLPSIEPGNMLQDVFETLK;QSPAGVDKAVEVLLTAPTGK;RQDCDLINDCCCK;TSQFIAFR;VGGRPDTQPPASHLCR;VYIIAQESELR",12,"QLPSIEPGNMLQDVFETLK;TSQFIAFR",2,0.166666666666667,5,12,8,5648.007,8450,1,40,121.471,TRUE,1,0,0.000597371565113501,0.00470914987044019
"74","Q6P542","Q6P542","ALSIPPNIDVLLCEQEVVADETPAVQAVLR;DVDDDSDERVLMER;EVLEALGEVMVNRPR;FGLESHAHTIQICK;FSISAHGK;GAVIVVSHDAR;GNYMTFK;ICIVGPNGVGK;ILAGLGFDPEMQNRPTQK;LKIGFFNQQYAEQLHMEETPTEYLQR;LQGQLEQGDDTAAEK;LTPTNGEMR;NLDFGIDMDSR;QAMLENASDIKLEK;QQPPEPEWIGDGEGTSPADK;QQPPEPEWIGDGEGTSPADKVVK;TFFEELAVEDK;VVFAELACR",18,"DVDDDSDERVLMER;FSISAHGK",2,0.111111111111111,20,28,24,1063.937,19335,1,40,94.945,TRUE,1,0,0.000597371565113501,0.00470914987044019
"75","Q6PHZ2","Q6PHZ2","DLKPENLLLASK;ESTESSNTTIEDEDVK;ESTESSNTTIEDEDVKAR;FTDEYQLFEELGK;FYFENALSK;GAILTTMLATR;ICDPGLTAFEPEALGNLVEGMDFHR;IPTGQEYAAK;ITASEALKHPWICQR;LTQYMDGSGMPK;SNKPIHTIILNPHVHLVGDDAACIAYIR;STVASMMHR;VTEQLIEAINNGDFEAYTK;WQNVHFHR",14,"FTDEYQLFEELGK;IPTGQEYAAK;STVASMMHR",3,0.214285714285714,34,40,37,274.076,12713,1,40,56.369,TRUE,1,0,0.000597371565113501,0.00470914987044019
"76","Q6Q899","Q6Q899","ALFLYTSHLR;ATVDPNDILSELSECLINQECEEIR;CFLLTSSADVIEKEK;CVLEAFR;DNVAELEQVVYKPQK;EAAFDETER;FSELWIVDK;IESFVVEDIVSGVQNR;IQFDPAEMSV;KYNDALIISEDAQMTDALNYLK;NFACYTADIR;NHPYNQIMFR;NYQLELALPAK;NYQLELALPAKK;TAEEAMQHICK;TFVSLLICEHHLK;VVFFANQIPVYEQQATVFSR;WIEENPALSFLKPGILTGR",18,"DNVAELEQVVYKPQK;KYNDALIISEDAQMTDALNYLK",2,0.111111111111111,19,27,23,1180.938,27788,1,40,105.975,TRUE,1,0,0.000597371565113501,0.00470914987044019
"77","Q6Y685","Q6Y685","AESAALHAGLRK;AKAESAALHAGLR;ANEEIAQVR;CAQDYLAR;EIEANEWK;EQALADLNSVER;EQMKVESLER;ICDELIAK;IVAEYEK;KIVAEYEK;KYEAQPLDLDACSQDEGAVISK;NQEIEELTK;NQEIEELTKICDELIAK;SFQQLTMEK;SFQQLTMEKEQALADLNSVER;SLSDLFR;TIAQMIEDEQR;VHAEEKLDR",18,"AESAALHAGLRK;KIVAEYEK",2,0.111111111111111,1,7,4,8573.141,33353,1,40,83.952,TRUE,1,0,0.000597371565113501,0.00470914987044019
"78","Q6ZWV3","Q6ZWV3","AKVDEFPLCGHMVSDEYEQLSSEALEAAR;EHVIEALR;EHVIEALRR;FNADEFEDMVAEK;FNADEFEDMVAEKR;MLSCAGADR;RLIPDGCGVK;VDEFPLCGHMVSDEYEQLSSEALEAAR;VHIGQVIMSIR",9,"EHVIEALRR;MLSCAGADR",2,0.222222222222222,29,36,33,416.021,17151,1,40,24.604,TRUE,1,0,0.000597371565113501,0.00470914987044019
"79","Q80VA0","Q80VA0","ALPYGDISELKK;FKPVVPWPHVEGVEVDLESIR;GLETAYCIDSMGK;INEANQLMQYDQCLTK;INEANQLMQYDQCLTKGPDGSK;LEGWQGNPPPLYVGSSPTLK;LLFVPCSR;LWNGLVK;NVEWGEIR;QAVQASIKEFGFNMVASDMISLDR;SEVLHQVFISTCDSSK;TNGGFVELGPCHR;TVHSVIKR;VGHIYRLEGWQGNPPPLYVGSSPTLK;VMITHCNLNEFKEWQYFK;WFMEEIAYDITAHYPLPPR",16,"SEVLHQVFISTCDSSK;VGHIYRLEGWQGNPPPLYVGSSPTLK",2,0.125,1,9,4,8573.141,20234,1,40,75.419,TRUE,1,0,0.000597371565113501,0.00470914987044019
"80","Q80VP0","Q80VP0","AGITPSYPQGSSWEHVSNNVR;EALDNSTNLK;FMWSDVTGLQECTK;GDIFVSEPSPDLEAR;GGWTYAMDFPATYTR;GHETSGNTDHSTENACLTEGK;GHNVALWAVSDKGDVLCR;GQGWDYGIGGGWDHISVR;GSGTESAPSDTDASLEVER;GSVSPSQPAGDCWYHIPSPPK;HSFALYTPER;HYEQAVEQSVWVK;KVSVGPLDQVWVIANK;LLPCDQMFWR;LSVWAVSLQGK;LVTSGPWLEVAPITLSDVSIIPESAHADGR;QGPEQPLPK;QIFQQLTER;SHSGSSSSLLSAGCFFGDEVR;VALEQFTGHDGAR;VYTLSTAGQYWELCK;WNPMGGFCEK;WNPVTGYTSR",23,"EALDNSTNLK;SHSGSSSSLLSAGCFFGDEVR",2,0.0869565217391304,8,16,12,3720.921,20744,1,40,130.266,TRUE,1,0,0.000597371565113501,0.00470914987044019
"81","Q80X82","Q80X82","ATNLCFAER;AVACSGAAQVR;DHPYIQYNVLWEEGK;EVIQALPK;FLIPVLNGLEK;FLIPVLNGLEKK;FMVHPAISSINLTTALGSLANIAR;GMGMNSPELLLLVENCPK;LIHELAAVYTEAIADIKR;LMATQMTAAGLGPGVEQTK;LSDVLKPLTDAQVEAMK;QKPTGIGAPAACVSSTPSVPAAAR;RPEPIIPVTQPR;RQEHDISLDR;RSVASQFFTQEEGPSIDGMTTSER;SFTPHQQAHIPNSIMTILEATGK;SVASQFFTQEEGPSIDGMTTSER;VVDLLNQAALITNDSK;VVLEAPLITESALEVIR",19,"FLIPVLNGLEKK;QKPTGIGAPAACVSSTPSVPAAAR",2,0.105263157894737,15,22,18,1989.68,21127,1,40,142.62,TRUE,1,0,0.000597371565113501,0.00470914987044019
"82","Q80YD1","Q80YD1","ATEPLSPSDKELPLASR;ELEPITTSQALQIAGR;FSAELIQHIPLSLR;KFNDPNDPCK;LLNLESLPSGDQSR;LTPISVLDHALESLDNLQPGDCIVCFSK;LTVEPEGK;LVQQGLLTADMLR;SNAAGVPCDLVTGEER;YLSATSGVYCGPLK",10,"KFNDPNDPCK;LTPISVLDHALESLDNLQPGDCIVCFSK;YLSATSGVYCGPLK",3,0.3,5,13,9,5088.432,39728,1,40,87.005,TRUE,1,0,0.000597371565113501,0.00470914987044019
"83","Q810B6","Q810B6","AAEAILKR;AAGAGNEAAALFLATSGAHANHR;ADVDMVDK;ADVDMVDKNGWSLLHK;ALLTECTVDAEAFNLR;ANALHATNNLQIIPDFSLK;ANALHATNNLQIIPDFSLKDSR;AVDENNESTACFLIR;CTLLAAQANK;CTLLAAQANKENSNESFISR;DRQGLTPFACAMTYK;EDDVFLTELMK;EDFSSLSAQLLYK;ENSNESFISR;EPPWCDGSNCYECTAK;ESGAAEQVDNK;ESGAAEQVDNKGR;FDLNKPVR;FQLQLLR;GADMSVPDEK;GNPPLWLALASNLEDIASTLVR;GQSPLHILGQYGK;GSNTDAPDVMTGNCLLQR;GVMSLVNVR;HGCDATCWGPGPSGCLQTLLHR;HGLANLTAELLQQGANPNLQTEEALPVPK;HQLPLVVDAICTR;KYSADVMSEMAQIAEALLQAGANPNMQDSK;LESIATTLVSHK;LGVNNNQGVNIFNYQVATK;LLAIVAGLYEQEQYSDLK;LLDMLSK;LLDMLSKEPPWCDGSNCYECTAK;LNETDHNGDLALDLALSR;LTPLHLAVQAGSEIIVR;NDCVFSQLLQCK;NGALVNAATAGAQETPLHLVALYSPK;NGWSLLHK;NKWGETPLHTACR;NLLLAGAK;QGLTPFACAMTYK;QPGTNGEGEEEAR;RLESIATTLVSHK;SALFLLEHQADINVR;SGCDVNSPRQPGTNGEGEEEAR;TPLHLSIMAR;TPVHVAISNQHSVIIQLLISHPNIELSVR;TQDGETALQLAIK;WGETPLHTACR;WIYTDELEFR",50,"HGCDATCWGPGPSGCLQTLLHR;QPGTNGEGEEEAR",2,0.04,24,32,28,700.925,3223,1,40,128.653,TRUE,1,0,0.000597371565113501,0.00470914987044019
"84","Q8BFW7","Q8BFW7","KMLYDMENPPADDYFGR;KTYITDPVSAPCAPPLQPK;METTHSFGNPSISVSTQQPPKK;MLYDMENPPADDYFGR;SAQPSPHYMAGPSSGQIYGPGPR;SEGDTAYGQQVQPNTWKR;SLDGIPFTVDACGLIHCIEDFHKK;TYITDPVSAPCAPPLQPK",8,"KTYITDPVSAPCAPPLQPK;METTHSFGNPSISVSTQQPPKK",2,0.25,1,8,4,8573.141,32475,1,40,65.891,TRUE,1,0,0.000597371565113501,0.00470914987044019
"85","Q8BH02","Q8BH02","FFTFDSLTELTSR;GPCVIAPVR;LLQPGTEPDSGTGTLGPTGSLGTLR;SHPSLEPQAK;SVFGQPAAVGR;TPLLVLDEAELLPPALLDELHDLLQPQR",6,"FFTFDSLTELTSR;GPCVIAPVR;SHPSLEPQAK",3,0.5,32,40,37,274.076,4942,1,40,47.586,TRUE,1,0,0.000597371565113501,0.00470914987044019
"86","Q8BH65","Q8BH65","GSLDEAGAEGR;QFLPEEFMK;THIDAIILALPDDLQGILLK;TQAPPSVILGVTNPFFAK",4,"QFLPEEFMK;TQAPPSVILGVTNPFFAK",2,0.5,32,40,37,274.076,4946,1,40,68.967,TRUE,1,0,0.000597371565113501,0.00470914987044019
"87","Q8BH69","Q8BH69","ACGNMFGLMHGTCPETSGGLLICLPR;DKVIPLIIQGFK;ESFNPETYELDK;ESFNPETYELDKSFR;IACANVLSDLYAMGVTECDNMLMLLGVSNK;IKLVVTQEDVELAYQEAMMNMAR;LLESLQENHFQEDEQFLGAVMPR;LVVTQEDVELAYQEAMMNMAR;NEVSFVIHNLPVLAK;VIPLIIQGFK;VPQDVLQK;YGEGHQAWIIGIVEK",12,"IACANVLSDLYAMGVTECDNMLMLLGVSNK;VPQDVLQK",2,0.166666666666667,1,8,4,8573.141,34176,1,40,42.907,TRUE,1,0,0.000597371565113501,0.00470914987044019
"88","Q8BL66","Q8BL66","AALEQEKESQQLMR;AAQLATEIADIK;AAVLDLEK;ADLQNHLDTAQHALQDK;AKTELLLSAEAAK;AQGELSEKAEAAQK;AQKDALLAELSTTK;CFSVTVR;CLKGEGEIEK;DALLAELSTTK;DDITLLR;DLDCQQLQAR;DLDYTHLEEK;DLDYTHLEEKHNEESASR;EAQNDLEQVLR;EEKEQHGLQLQGEVSQLHCK;EELREVESTR;EKDEQQLQGTINQLK;EKVSQLDIQIK;ELEKYQGLQQQEAK;ELQEQEEVVSCTK;ELVQVQTLMDNMTLER;ENQSLQIK;EQALQSLQQQR;EQQVADLQLK;ESELLATR;GEVSQAQNTLK;GKESVSLLEK;GPQEVAVYVQEIQK;GSINELTQK;HLSLEQKVEDLEGHIK;HYQAVHDAGNDSGHGGEAGLALTR;IELNSVKGEVSQAQNTLK;IQAGEGETAVLNQLQEK;IQNLEALLQK;KLDNTTAAVQELGR;KLEADALEVK;KWAEDNEVQNCMSCGK;LAEMEEIK;LDNTTAAVQELGR;LMEKEQQVADLQLK;LQQQSSQAAQELAAEK;LQQQSSQAAQELAAEKGK;LQSEHAHLEATINQLR;LREAQNDLEQVLR;LSALQSNYEK;LTASESSLQR;LTLAQEDLISNR;LTMQVTTLNENLGTVK;LTMQVTTLNENLGTVKK;MQAAVTELTAVK;NHALQQQLTQLTEK;NQSESHKQAEENLHDQVQEQK;QAEENLHDQVQEQK;QCGNIFCAECSTK;QEVQDLQASLKEEK;QIEALQGEVK;QLQSDLYGK;QLQSDLYGKESELLATR;QLSTDLELR;QQELNKVSVQLDQLTAK;QQHQEQQALQQSATAK;QTDDLRGEIAVLEATVQNNQDER;QTTVIQDLK;SDGLVTDSSAELQALEQQLEEAQTENFNIK;SEFEKENQK;SEILENIK;SIQELQAAK;SKLAEMEEIK;SKQQHQEQQALQQSATAK;SLGSADELFK;TELLLSAEAAK;TELLQRPGIEDVAVLK;TLQASLHQR;VCDACFNDLQG;VEDLEGHIK;VLSLETSVSELSSQLNESK;VLSLETSVSELSSQLNESKEK;VSQLDIQIK;VSVQLDQLTAK;VTHLTEDLNK;VTHLTEDLNKQTTVIQDLK;VTNSTELQHQLEK;WAEDNEVQNCMSCGK;YQGLQQQEAK",85,"AALEQEKESQQLMR;AAQLATEIADIK;AAVLDLEK;ADLQNHLDTAQHALQDK;AKTELLLSAEAAK;AQGELSEKAEAAQK;AQKDALLAELSTTK;CFSVTVR;CLKGEGEIEK;DALLAELSTTK;DDITLLR;DLDYTHLEEKHNEESASR;EAQNDLEQVLR;EEKEQHGLQLQGEVSQLHCK;EELREVESTR;EKDEQQLQGTINQLK;EKVSQLDIQIK;ELEKYQGLQQQEAK;ELQEQEEVVSCTK;ELVQVQTLMDNMTLER;ENQSLQIK;EQALQSLQQQR;EQQVADLQLK;ESELLATR;GEVSQAQNTLK;GKESVSLLEK;GPQEVAVYVQEIQK;GSINELTQK;HLSLEQKVEDLEGHIK;HYQAVHDAGNDSGHGGEAGLALTR;IELNSVKGEVSQAQNTLK;IQAGEGETAVLNQLQEK;IQNLEALLQK;KLDNTTAAVQELGR;KLEADALEVK;KWAEDNEVQNCMSCGK;LAEMEEIK;LDNTTAAVQELGR;LMEKEQQVADLQLK;LQQQSSQAAQELAAEK;LQQQSSQAAQELAAEKGK;LQSEHAHLEATINQLR;LREAQNDLEQVLR;LSALQSNYEK;LTASESSLQR;LTLAQEDLISNR;LTMQVTTLNENLGTVK;LTMQVTTLNENLGTVKK;MQAAVTELTAVK;NHALQQQLTQLTEK;NQSESHKQAEENLHDQVQEQK;QAEENLHDQVQEQK;QCGNIFCAECSTK;QEVQDLQASLKEEK;QIEALQGEVK;QLQSDLYGK;QLQSDLYGKESELLATR;QLSTDLELR;QQELNKVSVQLDQLTAK;QQHQEQQALQQSATAK;QTDDLRGEIAVLEATVQNNQDER;QTTVIQDLK;SDGLVTDSSAELQALEQQLEEAQTENFNIK;SEFEKENQK;SEILENIK;SKLAEMEEIK;SKQQHQEQQALQQSATAK;SLGSADELFK;TELLLSAEAAK;TELLQRPGIEDVAVLK;TLQASLHQR;VCDACFNDLQG;VEDLEGHIK;VLSLETSVSELSSQLNESK;VLSLETSVSELSSQLNESKEK;VSQLDIQIK;VSVQLDQLTAK;VTHLTEDLNK;VTHLTEDLNKQTTVIQDLK;VTNSTELQHQLEK;WAEDNEVQNCMSCGK;YQGLQQQEAK",82,0.964705882352941,1,8,4,8573.141,2527584,0.57588566618956,40,160.915,TRUE,1,0,0.000597371565113501,0.00470914987044019
"89","Q8BP27","Q8BP27","ENPPSPPTSPAAPQPR;ESENAIIR;IKNDVTELENLIK;MKVENDENNETLSEPGESSK;SEEEFTGV",5,"ESENAIIR;MKVENDENNETLSEPGESSK;SEEEFTGV",3,0.6,28,36,32,461.771,10473,1,40,35.183,TRUE,1,0,0.000597371565113501,0.00470914987044019
"90","Q8C3J5","Q8C3J5","AATESDLKR;AFFTEEYSR;AINKFAETMNQK;AMNEYHSVVYYQVK;ATIPIFFDMMLCEYQR;DILLPVITK;DKIFLICQIVR;DLIAWQIPFLGAGIK;DNNREEMYIR;DQPDYGVYSR;DVFSISTLVCSTK;DYPHLVDR;EDFQMQLLSQFPNAEK;EHPEDQDKLSHLK;EIEMLNNLK;ELAEQYEMEIFDYELLSQNLTQQAK;ELKELLEQR;EMPDFEDR;EMPDFEDRR;ETLYETIIGYFDKGK;FYENIMK;GDSGGQGLWVTMK;GFPKEIEMLNNLK;GKVDPENEFASMWIER;GVMTDESKDNR;HGVAIYNFQGSEAQHLTLQIGDVVR;HKLSQGIFPTSFIHLK;ICFIPGMVGPILEMTLIPEAELR;ICFIPGMVGPILEMTLIPEAELRK;IFLICQIVR;IGEDAELFMSLYDPHK;IGEDAELFMSLYDPHKQTVISENYLVR;IQETCGDWYR;ISSSPTHSLYVFVR;KATIPIFFDMMLCEYQR;KDYPHLVDR;KFENEIILK;KLGFPEIIMPGDVR;KMEDASAYLTLPSYR;KQEFMSDTNLSEHAAIPAR;LGFPEIIMPGDVR;LLSQLLYEFYTCIPPVK;LSQGIFPTSFIHLK;LTQNVGLLGLLK;MEDASAYLTLPSYR;MLVGDIIQIR;MLVGDIIQIRK;MNTTSAPGDDVR;MWEEAISLCK;NAPGQYIQCFTVQPVLDEHPR;NDIYITLLQGDFDKYTK;NFAMSYVK;NIENIIPAEIPLAQEVTTTLWEWGSIWK;NKPVPDQIINFYK;NKVFIYR;QKVQSMNEIVQSNLFK;QTVISENYLVR;REDFQMQLLSQFPNAEK;RPFGVAVMDITDIIK;SQLLSGTLPKDELK;SSSSVGGLSVSSR;SSVVFADEK;SVENFVSLVK;TKPDYFAVGYYGQGFPSFLR;TSFLTAYK;TSFLTAYKLPGILR;TTILLQVAALK;VAVPIEDMQR;VDPENEFASMWIER;VEEEPISPGSTLPEVK;VLPNAICVGAGDK;VQSMNEIVQSNLFK;VSDNLRPFHDR;VVFTDLGNK;VVFTDLGNKDLNR;WFEVVHMSQTTISPLENAIETMSTVNEK;WSDEQCASQVMQTGQQHPQTHR;YIPSVLHDVETVFDAK",78,"HKLSQGIFPTSFIHLK;IQETCGDWYR",2,0.0256410256410256,26,34,30,568.917,8970,1,39,211.704,TRUE,1,0,0.000597371565113501,0.00470914987044019
"91","Q8CBY8","Q8CBY8","APLSQLYFCR;ATSISTQLPDDPAK;CANCFDCPGCMHTLSTR;DAAAEYDELAEPQDFQDDPDIVAFR;DAAAEYDELAEPQDFQDDPDIVAFRK;IQLVAVNYIPEVR;LLQPDLQPVSASQLYPR;SLECVSHEVDSHYCPSCLENMPSAEAK;SVASGGWQEPENPHTQR;VTPQREEGEVTVCFK",10,"CANCFDCPGCMHTLSTR;IQLVAVNYIPEVR",2,0.2,25,33,29,631.481,11549,1,40,53.057,TRUE,1,0,0.000597371565113501,0.00470914987044019
"92","Q8CCP0","Q8CCP0","AAEPLLTLER;EAQAQGDPVACAIK;EVQTVTSIQK;LTEVIAAAPK;TAPTGEYLTTGSFMIR",5,"EAQAQGDPVACAIK;LTEVIAAAPK",2,0.4,29,36,32,461.771,13164,1,40,121.188,TRUE,1,0,0.000597371565113501,0.00470914987044019
"93","Q8CFQ3","Q8CFQ3","GCEIQGMLDDKGR;IIWDENIVPTEYYSGEGCLALPK;ISQIQQLNQMPLYPTEK;LGHGEEELETEKDFSR;LNLQFLTLHDYLLR;MPNQIATLDFNDTFLSIEHLK;RPFIEQVGLVYVR;SYEEDMEIAEGCFR;VGVPTVDLDAQGR",9,"GCEIQGMLDDKGR;VGVPTVDLDAQGR",2,0.222222222222222,20,28,24,1063.937,24252,1,40,170.294,TRUE,1,0,0.000597371565113501,0.00470914987044019
"94","Q8CFX1","Q8CFX1","ALDGLWNR;ASFYEEYGVIR;CDELKGQFLQLSQYR;CLPQQIIFYIGHGELGHPAILVSR;CVPLSDPDSNFQGLQAHLLQHVR;DLVPSRCDELK;EITTLVSR;ELQKPDGFQSLTPTFAGVLVHIDNLR;EQDAYSTLLSHIFHCR;EVQDQPGLR;GHVSIILLGATGDLAK;GQFLQLSQYR;HWVPEQSR;IFYFSVPPFAYADIAR;LASDIEAAAVQAVR;LMDKVLESLSCPK;LWAFQALR;MSLSLPLINR;NLFKPSLPTQK;QAVAQILPFR;QSPLITAWPEELISK;SSAILGQYQAYSGQVR;TVEDYQTLNK;TVEDYQTLNKDIETQVQQDGLWEAGR;VLESLSCPK;VPYYNIHPMPVHLHQR;WEGVPFILMSGK;WKEVQDQPGLR;YRQSPLITAWPEELISK",29,"EQDAYSTLLSHIFHCR;HWVPEQSR",2,0.0689655172413793,14,21,18,1989.68,17983,1,40,88.928,TRUE,1,0,0.000597371565113501,0.00470914987044019
"95","Q8CIH5","Q8CIH5","AFVFILEPK;ALELGTVMTVFNAR;CAEFELR;DALVKEFNVNENQLQLYQEK;DHAFVTSSFPVILSIEEHCSVEQQR;DSSVFILGNTDRPDASAVYLQDFQR;EFNVNENQLQLYQEK;EGTNSYAITFR;ESETFPNDYTLSFWR;EVLGDMLLTKPTEASADQLPSPSQLR;FIDDTMR;FKTTVVNDNGLSPVWAPTQEK;FVVYEEDMFSDPNFLAHATYPIK;GALIHNVSKEPGGWWK;GEAEDMLMR;IKFDDVVQAIR;ILMTLTVK;IQQYFPSNYVEDISAGDAEEMEK;KLMFDQQK;LMFDQQK;LRYPVTPELLER;LSFGDDIEQAVEEEPVQDTPPTELHFGEK;NQSIAIELSDLVVYCKPTSK;QEELNNQLFLYDTHQNLR;QIIEDNPLGSLCK;QIYSVDQTRR;QKPVDLLR;RQEELNNQLFLYDTHQNLR;SIACPFVEVEICGAEYDSNKFK;STMENGVMK;TKDHLENPDFR;TVQMIMETR;VDSSNYDPFR;VTFEIYDPNLAFLR;YDPMPLESQR;YMQMNHALFSLNGR;YYLTDNLTFNSIYALIQHYR",37,"EVLGDMLLTKPTEASADQLPSPSQLR;GEAEDMLMR",2,0.0540540540540541,1,9,4,8573.141,30821,1,40,147.592,TRUE,1,0,0.000597371565113501,0.00470914987044019
"96","Q8K3K8","Q8K3K8","ADLLGIVSELQLK;AQMEVYCSDFHAER;GRFEELSAWTEK;LLFEMQSK;LNSGGSSEDSFVEIR;MLLQELSEKLELAEQALASK;MTEGETEGAMK;NCPTPTRTDPISLSNCTEDAR;QEEDLETMAVLR;QSLMEMQCR;TDPISLSNCTEDAR;TQVEQEVEHLK;TSDSDQQTYLFQR",13,"ADLLGIVSELQLK;LNSGGSSEDSFVEIR;MLLQELSEKLELAEQALASK;TQVEQEVEHLK",4,0.307692307692308,20,28,24,1063.937,11685,1,40,67.018,TRUE,1,0,0.000597371565113501,0.00470914987044019
"97","Q8K4Z5","Q8K4Z5","AQEPSAAIPK;ASKPLPPAPAPDEYLVSPITGEK;EAENPREVLDQVCYR;EKQSDDEVYAPGLDIESSLK;EPPPEFEFIADPPSISAFDLDVVK;EVLDQVCYR;FNFLNPNDPYHAYYR;GLVPEDDTKEK;IGEEEIQKPEEK;IGLLDPR;IRQNEINNPK;LNGQGLVFTLPLTDQVSVIK;LTAQFVAR;NIVDKTASFVAR;NYQFDFLRPQHSLFNYFTK;QFLTQLMQK;RTDIFGVEETAIGK;TDIFGVEETAIGK;TDIFGVEETAIGKK;TEDSLMPEEEFLRR;VMQQQQQATQQQLPQK;VQAQVIQETIVPK;VTWDGHSGSMAR",23,"AQEPSAAIPK;NIVDKTASFVAR",2,0.0869565217391304,34,40,37,274.076,10371,1,40,88.545,TRUE,1,0,0.000597371565113501,0.00470914987044019
"98","Q8QZT1","Q8QZT1","AGIPKEEVK;EEVKEVYMGNVIQGGEGQAPTR;ENGTITAANASTLNDGAAALVLMTAEAAQR;GATPYGGVK;GATPYGGVKLEDLIVK;IAAFADAAVDPIDFPLAPAYAVPK;IHMGNCAENTAKK;LEDLIVK;LEDLIVKDGLTDVYNK;LGTAAIQGAIEK;LNVKPLAR;MLEIDPQK;MLEIDPQKVNIHGGAVSLGHPIGMSGAR;QATLGAGLPISTPCTTVNKVCASGMK;SKEAWDAGK;VNIHGGAVSLGHPIGMSGAR",16,"LEDLIVK;VNIHGGAVSLGHPIGMSGAR",2,0.125,1,8,4,8573.141,37596,1,40,44.816,TRUE,1,0,0.000597371565113501,0.00470914987044019
"99","Q8R2R9","Q8R2R9","LLAYHVSAQNLVAIPVYVK;LLDDVSFHPCVR;TIEGVIVTSQMPK",3,"LLDDVSFHPCVR;TIEGVIVTSQMPK",2,0.666666666666667,12,20,16,2451.352,5666,1,40,46.916,TRUE,1,0,0.000597371565113501,0.00470914987044019
"100","Q8R550","Q8R550","ASSPSLFSTEGKPK;GLFPDNFVR;GVFPDNFVK;IDLAGSALSGILDK;LLPSDFDK;LQMEVNDIKK;LSHPTTSRPK;QLLSELDEEK;QLLSELDEEKK;RGVFPDNFVK;SEGANGTMATAAIQPK;SIEVENDFLPVEK;SNDIDLEGFDSVISSTEK;TIIETMKDQQK;TVTISQVSDNK",15,"ASSPSLFSTEGKPK;QLLSELDEEK;TVTISQVSDNK",3,0.2,30,36,33,416.021,10998,1,40,78.17,TRUE,1,0,0.000597371565113501,0.00470914987044019
"101","Q8VCD5","Q8VCD5","IEDPQIQAHWSNINDVYESSVK;ILGDLSYR;LEAAQNVLLCK;SLAGAAQILLK;TAATIDSLASR;VLITSQGYEQICK",6,"IEDPQIQAHWSNINDVYESSVK;ILGDLSYR;LEAAQNVLLCK",3,0.5,1,11,7,6269.117,25103,1,40,72.462,TRUE,1,0,0.000597371565113501,0.00470914987044019
"102","Q8VDD5","Q8VDD5","ADEWLMK;ADFCIIHYAGKVDYK;AGKLDPHLVLDQLR;AGVLAHLEEER;AGVLAHLEEERDLK;AKLQEMESAVK;AKQTLENER;ALEEAMEQK;ALEEAMEQKAELER;ALELDSNLYR;ALEQQVEEMK;ALEQQVEEMKTQLEELEDELQATEDAK;ALLQGKGDSEHK;ANLQIDQINTDLNLER;ASIAALEAK;ASREEILAQAK;ATDKSFVEK;CIIPNHEK;CIIPNHEKK;CNGVLEGIR;CQYLQAEKK;DDVGKSVHELEK;DELADEIANSSGK;DFSALESQLQDTQELLQEENR;DFSALESQLQDTQELLQEENRQK;DKADFCIIHYAGK;DLEAHIDTANK;DLEAHIDTANKNR;DLEGLSQR;DLEGLSQRLEEK;DLGEELEALK;DLGEELEALKTELEDTLDSTAAQQELR;DLKITDVIIGFQACCR;DLQGRDEQSEEK;DMFQETMEAMR;DVDRIIGLDQVAGMSETALPGAFK;DVLLQVEDER;DVLLQVEDERR;EDQSILCTGESGAGK;EDQSILCTGESGAGKTENTK;EEILAQAK;EEILAQAKENEK;ELEDATETADAMNR;ELEDATETADAMNREVSSLK;ELETQISELQEDLESER;EMEAELEDER;EMEAELEDERK;EQADFAIEALAK;EQEVSILK;EQEVSILKK;EQLEEEEEAK;EQLEEEEEAKR;ERNTDQASMPDNTAAQK;FDQLLAEEK;FLSNGHVTIPGQQDK;FLSNGHVTIPGQQDKDMFQETMEAMR;FSKVEDMAELTCLNEASVLHNLK;FVSELWKDVDR;GALALEEK;GALALEEKR;GDLPFVVTR;GELANEVK;GTGDCSDEEVDGK;GTGDCSDEEVDGKADGADAK;HEAMITDLEER;HEDELLAK;HEMPPHIYAITDTAYR;HSQAVEELADQLEQTK;HSQAVEELADQLEQTKR;IAQLEEELEEEQGNTELINDR;IAQLEEELEEEQGNTELINDRLK;IAQLEEQLDNETK;IMGIPEDEQMGLLR;INFDVNGYIVGANIETYLLEK;IRELETQISELQEDLESER;ITDVIIGFQACCR;KANLQIDQINTDLNLER;KEEELQAALAR;KFDQLLAEEK;KLEEDQIIMEDQNCK;KLEGDSTDLSDQIAELQAQIAELK;KLVWVPSSK;KMEDGVGCLETAEEAK;KMQQNIQELEEQLEEEESAR;KQELEEICHDLEAR;KVEAQLQELQVK;KVIQYLAHVASSHK;LDPHLVLDQLR;LEEDQIIMEDQNCK;LEVNLQAMK;LKDVLLQVEDER;LKQMEDEK;LKSMEAEMIQLQEELAAAER;LLEDRVAEFTTNLMEEEEK;LQEMESAVK;LQKDLEGLSQR;LQLQEQLQAETELCAEAEELR;LQLQEQLQAETELCAEAEELRAR;LQQELDDLLVDLDHQR;LQQLFNHTMFILEQEEYQR;LQVELDSVTGLLSQSDSK;LRLEVNLQAMK;LRNWQWWR;LTEMETMQSQLMAEK;LTKDFSALESQLQDTQELLQEENR;LVWVPSSK;MEDGVGCLETAEEAK;MEDGVGCLETAEEAKR;MQQNIQELEEQLEEEESAR;NAEQFKDQADK;NCAAYLR;NFINNPLAQADWAAK;NFINNPLAQADWAAKK;NGFEPASLKEEVGEEAIVELVENGK;NKHEAMITDLEER;NLPIYSEEIVEMYK;NLPIYSEEIVEMYKGK;NMDPLNDNIATLLHQSSDK;NMDPLNDNIATLLHQSSDKFVSELWK;NTDQASMPDNTAAQK;NTNPNFVR;QACVLMIK;QAQQERDELADEIANSSGK;QELEEICHDLEAR;QGFPNRVVFQEFR;QIATLHAQVTDMK;QIATLHAQVTDMKK;QKHSQAVEELADQLEQTK;QLEEAEEEAQR;QLEEAEEEAQRANASR;QMEDEKNSFR;QQQLTAMK;QRYEILTPNSIPK;QSVSNLEK;QSVSNLEKK;QTLENER;QTLENERGELANEVK;REQEVSILK;RGDLPFVVTR;RHEMPPHIYAITDTAYR;RQLEEAEEEAQR;RQQQLTAMK;SMEAEMIQLQEELAAAER;SMMQDREDQSILCTGESGAGK;SVHELEK;TDLLLEPYNK;TDLLLEPYNKYR;TELADKVTK;TELEDTLDSTAAQQELR;TEMEDLMSSK;TEMEDLMSSKDDVGK;THEAQIQEMR;TLEDEAK;TQLEELEDELQATEDAK;TQLEELEDELQATEDAKLR;TRLQQELDDLLVDLDHQR;TVGQLYK;TVGQLYKEQLAK;VAAYDKLEK;VAEFTTNLMEEEEK;VAEFTTNLMEEEEKSK;VDYKADEWLMK;VEAQLQELQVK;VEDMAELTCLNEASVLHNLK;VEDMAELTCLNEASVLHNLKER;VEEEEERCQYLQAEK;VIQYLAHVASSHK;VISGVLQLGNIAFK;VISGVLQLGNIAFKK;VKPLLNSIR;VNKDDIQK;VSHLLGINVTDFTR;VVFQEFR;VVQEQGTHPK;YKASIAALEAK;YLYVDKNFINNPLAQADWAAK",176,"AGKLDPHLVLDQLR;LTEMETMQSQLMAEK;TDLLLEPYNK;VVFQEFR",4,0.0227272727272727,29,36,33,416.021,6609,1,39,226.372,FALSE,1,0,0.000597371565113501,0.00470914987044019
"103","Q8VDP3","Q8VDP3","ALGVESGGGLSQYHK;AQLNYWSAK;AQLQPNPPAQLASYEFDVLISAAGGK;ASQPVYQQGQACTNTK;AVTPNQVQDLYDMMDKEHAQR;DALIQFQEER;ELEAEGTKLELALR;ESLYQLLSQTSPENMHR;FCVDGHFFHR;FFQSLLK;HNVLHLWPFTIHDLR;KLLEVVNQR;LGKLEFAQDAR;NTSHSSGLVSQPSGTPSAILFLGK;NVAQYGLDPATR;QDLSETDQLLGK;RLNEIEATMR;TEADLQSENQVLR;TVEETQVPEISGVAR",19,"AQLNYWSAK;FCVDGHFFHR;KLLEVVNQR;LGKLEFAQDAR;RLNEIEATMR;TEADLQSENQVLR",6,0.315789473684211,5,13,9,5088.432,15340,1,40,116.785,TRUE,1,0,0.000597371565113501,0.00470914987044019
"104","Q8VDP4","Q8VDP4","AAYNPGQAVPWNAVK;ADSWVEKEEPTPSN;AEVLDDGLPEDVLFGNLDLLPPSGK;AGGEPWGAK;CAQAQTGIDLSTCTK;CCMLFVDDMAEPR;EAAPDTGAEPSPEDSDPTYSSK;ETPEHPLK;ETPEHPLKQLK;FAEFQYLQPGPPR;FSATEVTNK;GLVPHNGSLINVGSLLQR;HDLSPYR;IHTLELK;IQVSSEKEAAPDTGAEPSPEDSDPTYSSK;KEEEAVLVGGEWSPSLDGLDPQADPQVLVR;LAEAEETAR;LTPLHLEMQR;QGILGAQPQLIFQPHR;QLHTVVVYLPDVWTIMPTLEEWEALCQQK;RLTPLHLEMQR;SPAPPLLHVAALGQK;SVASNQSEMEYSSLQDMPK;TLAAEMQELR;TLLSLPEK;VHLTPYTVDSPTCDFLELQR;VLLLSSPGLEEFYR;VQTLSNQPLLK;VVAQNICQYR",29,"AEVLDDGLPEDVLFGNLDLLPPSGK;ETPEHPLKQLK;IHTLELK;KEEEAVLVGGEWSPSLDGLDPQADPQVLVR;LAEAEETAR",5,0.172413793103448,15,21,18,1989.68,35429,1,40,103.002,TRUE,1,0,0.000597371565113501,0.00470914987044019
"105","Q8VE97","Q8VE97","AEGESEAPNPEPR;ALEKLDGTEVNGR;CSWQDLKDYMR;DADDAVYELNGK;DADDAVYELNGKDLCGER;ILEVDLK;LIVENLSSR;LVEDKPGSR;NEGVIEFVSYSDMK;NGYGFVEFDDLR;NGYGFVEFDDLRDADDAVYELNGK;QAGEVTYADAHK;SKPNVPAESR;VIVEHAR",14,"DADDAVYELNGK;DADDAVYELNGKDLCGER",2,0.142857142857143,16,24,20,1614.956,10840,1,40,55.979,TRUE,1,0,0.000597371565113501,0.00470914987044019
"106","Q8VI75","Q8VI75","ACYALENFVENLGPK;AGFLVLAVLSDGAGDHIR;ELLLPDTER;LFPVLLNNAR;LLECPHMNVR;LLYPLLQIVCK;TCGSLALQPPGR;TEPQVLATLLR",8,"ACYALENFVENLGPK;TCGSLALQPPGR",2,0.25,6,14,10,4584.298,8972,1,40,119.275,TRUE,1,0,0.000597371565113501,0.00470914987044019
"107","Q91VR8","Q91VR8","EIHQDWANR;EIHQDWANREYIEIITSSIK;EYIEIITSSIK;EYIEIITSSIKK;IEYIEAR;ISDFLNSFDMSCR;KISDFLNSFDMSCR;LATLNEK;RIEYIEAR",9,"EYIEIITSSIK;EYIEIITSSIKK;KISDFLNSFDMSCR",3,0.333333333333333,29,36,33,416.021,7782,1,40,8.761,TRUE,1,0,0.000597371565113501,0.00470914987044019
"108","Q91W63","Q91W63","FVIGIGGVTNGGK;SYFLTVPYEECK",2,"FVIGIGGVTNGGK;SYFLTVPYEECK",2,1,33,40,37,274.076,9933,1,40,22.303,TRUE,1,0,0.000597371565113501,0.00470914987044019
"109","Q91WQ3","Q91WQ3","AFCEPGNVENNGVLSFIK;AMLESIGVPLEK;APWELLELR;EYTLDVYR;GQPDEELKPK;GTDYQLSK;GVDSQGMLLCASVEGVSR;HVLFPLK;HVLFPLKSEFVILR;IDVGEAEPR;IFTFAEK;ILSVEKHPDADSLYVEK;ISEECIAQWK;KAFCEPGNVENNGVLSFIK;KIFTFAEK;KLASAAYPDPSK;LASAAYPDPSK;LLDPIREK;LSSVVTQHDAK;LSSVVTQHDAKK;LVVVLCNLKPQK;NLQEVLGEEK;NLQEVLGEEKLK;NSEPEEVIPSR;NSEPEEVIPSRLDIR;NSVEVALNK;QVEHPLLSGLLYPGLQALDEEYLK;RVHLMNPMVPGLTGSK;SEFVILRDEK;TSYYENVIK;TVVSGLVQFVPK;TVVSGLVQFVPKEELQDR;TYTVYLELEKDFAAEVVHPGDLK;VDAQFGGVDQR;VFVQGYEK;VHLMNPMVPGLTGSK;VYWGTATTGKPHVAYFVPMSK;YLPALGYSK;YLPALGYSKR",39,"RVHLMNPMVPGLTGSK;VDAQFGGVDQR",2,0.0512820512820513,11,19,15,2720.927,18019,1,40,59.105,TRUE,1,0,0.000597371565113501,0.00470914987044019
"110","Q91YW3","Q91YW3","AALPDLTK;AECFIKEGEPR;ATVFLAMGK;EAESQLVK;EVLSDPEMR;FDDGEDPLDAESQQGGGGNPFHR;FIDIAAAK;ICSEVLQMEPDNVNALK;ILEVCVWDAELR;LDEAEDDFKK;LKSDNTEAFYK;LLAAGQLADALSQFHAAVDGDPDNYIAYYR;MDFTAAR;SKAALPDLTK;SNPSEQEEKEAESQLVK;SQALDAFDGADYTAAITFLDK;SWNSWQGFNPFSSGGPFR;TEPSVAEYTVR;YTDATSKYESVMK",19,"AALPDLTK;FIDIAAAK;MDFTAAR;TEPSVAEYTVR",4,0.210526315789474,7,15,11,4130.11,31053,1,40,57.464,TRUE,1,0,0.000597371565113501,0.00470914987044019
"111","Q920Q8","Q920Q8","LIAAGGYNREECLR;LYIVGGSDPYGQK;NCDVFDPVTK;NFASCMGDSR;QVCGDYLLSR;SGQFCDVR;YNPENNTWTLIAPMNVAR",7,"LIAAGGYNREECLR;LYIVGGSDPYGQK",2,0.285714285714286,34,40,37,274.076,4830,1,40,71.581,TRUE,1,0,0.000597371565113501,0.00470914987044019
"112","Q922D8","Q922D8","AAEEIGIK;ASFITPVPGGVGPMTVAMLMQSTVESAQR;ASQAPSSFQLLYDLK;EAGVQIAGR;EHGAFDAVK;EIGLLTEEVELYGETK;FSDIQIR;GDLNDCFIPCTPK;GVPTGFVLPIR;GVPTGFVLPIRDIR;HAVVVGR;IFHELTQTDK;ITIGQSPTEK;IVGAPMHDLLLWNNATVTTCHSK;IYGADDIELLPEAQNKAEIYTK;KFSDIQIR;KITIGQSPTEK;KVVGDVAYDEAK;LGIEKTDPTTLTDDEINR;LVPSVNGIRK;MHGGGPTVTAGLPLPK;MQEQVPGFTPGLAILQVGDRDDSNLYINVK;QGFGNLPICMAK;QPSQGPTFGIK;TDTDAELDLVSR;THLSLSHNPEQK;TPVPSDIAISR;TSTESEVLK;VVGDVAYDEAK;VVGDVAYDEAKER;WTIQYNK",31,"ASFITPVPGGVGPMTVAMLMQSTVESAQR;ITIGQSPTEK;KITIGQSPTEK;TDTDAELDLVSR",4,0.129032258064516,1,7,4,8573.141,24432,1,40,101.2,TRUE,1,0,0.000597371565113501,0.00470914987044019
"113","Q922Q1","Q922Q1","CVLTTVDPDTGIIDR;DRFWMVVK;GRDCGDEVAQWFTNYLK;LGLPGQPR;LVQFDTSMK;QLQQVGTVSK;RQLQQVGTVSK;SIYQSSPLFGMYFSVEK;VWIYPIK",9,"LVQFDTSMK;RQLQQVGTVSK",2,0.222222222222222,5,13,9,5088.432,41052,1,40,38.194,TRUE,1,0,0.000597371565113501,0.00470914987044019
"114","Q922Q8","Q922Q8","ATVLDLSCNK;AVQADQERER;DKLDGNELDLSLSDLNEVPVK;DNPLDPVLAK;HHEILQWVLQTDSQQ;LDGNELDLSLSDLNEVPVK;LDGNELDLSLSDLNEVPVKELAALPK;LQQLPADFGR;LVNLQHLDLLNNR;NKLQQLPADFGR;VAGDCLDEKQCK;VTGLHQQPLCTSVNTIYDNAVQGLR",12,"AVQADQERER;LDGNELDLSLSDLNEVPVKELAALPK",2,0.166666666666667,32,40,37,274.076,7689,1,40,34.877,TRUE,1,0,0.000597371565113501,0.00470914987044019
"115","Q922U2","Q922U2","LALDVEIATYR;LALDVEIATYRK",2,"LALDVEIATYR;LALDVEIATYRK",2,1,17,25,21,1454.955,2806,1,40,61.767,TRUE,1,0,0.000597371565113501,0.00470914987044019
"116","Q99L27","Q99L27","AFGAGADFVMLGGMLAGHSESGGELIER;DVLLRPK;FSLFTAIHK;GHIISDGGCSCPGDVAK;IVEVPFKGDVEHTIR;KYSGGVAEYR;LFYGMSSEMAMK;QMYSGIPVIAANMDTVGTFEMAR;RFPQHTIMAGNVVTGEMVEELILSGADIIK;SRSEVELTR;STCTYVGAAK;TGVGYPQLSAVMECADAAHGLK;VGIGPGSVCTTR;VTQQVNPIFSNSQ;YICLDVANGYSEHFVEFVKDVR;YSGGVAEYR",16,"STCTYVGAAK;VGIGPGSVCTTR",2,0.125,1,7,4,8573.141,4167,1,40,38.019,TRUE,1,0,0.000597371565113501,0.00470914987044019
"117","Q99L47","Q99L47","AIDLFTDAIKLNPR;AIEINPDSAQPYKWR;EWVESMGGK;FLREWVESMGGK;KGAAIEALNDGELQK;LAILYAK;LDYDEDASAMLR;LLGHWEEAAHDLALACK;LLGHWEEAAHDLALACKLDYDEDASAMLR;QDPSVLHTEEMR;VMNLISK",11,"KGAAIEALNDGELQK;LDYDEDASAMLR",2,0.181818181818182,6,13,10,4584.298,32359,1,40,41.656,TRUE,1,0,0.000597371565113501,0.00470914987044019
"118","Q99M31","Q99M31","ADVVANDAGDR;ARFELLCSPLFNK;DILAVLTMK;ENGLRDILAVLTMK;EQVVGLAAK;ESTSGDDSVMIECSAK;FAQVVLQDLDKK;GVDESGADRFTVLFPSGTPLPAR;HSLSTLGSANCFVDSLYEGQDFDCNVSR;LGGTSLSLSVMEVNSGMYR;LIHEPSAALLAYGIGQDHPTGK;LMNSAEVAK;LVNPEDVAR;MKETAHSVLGSDANDVVVTVPFDFGEK;RQHTLQAPGR;SALGEAAGAAGFNVLR;VLSTNTSDNIGGAHFTDTLAQYLASEFQR;VSSVCLELYESEGK;VTPAIVAYSER",19,"ARFELLCSPLFNK;LGGTSLSLSVMEVNSGMYR;RQHTLQAPGR",3,0.157894736842105,5,13,9,5088.432,20805,1,40,54.65,TRUE,1,0,0.000597371565113501,0.00470914987044019
"119","Q99N17","Q99N17","ACDLVHNFTDAVIR;DIVLPDGR;IVDPAFVAPLLQAPALVAPK;LHSPVIDLLR;LLTPAFHFDILKPYVK;RSPLAFIPFSAGPR;TLDFIDVLLLAK",7,"ACDLVHNFTDAVIR;LHSPVIDLLR",2,0.285714285714286,28,36,32,461.771,2826,1,40,60.23,TRUE,1,0,0.000597371565113501,0.00470914987044019
"120","Q9CWI3","Q9CWI3","CCFYLLISK;LLQQLFLK;TCEQSMVEQLDK;TVMVIPDDR;WSFDDVPMTPLR",5,"LLQQLFLK;WSFDDVPMTPLR",2,0.4,16,25,20,1614.956,4238,1,40,35.942,TRUE,1,0,0.000597371565113501,0.00470914987044019
"121","Q9CZN7","Q9CZN7","AALEALGSCLNNK;AHLLADMAHISGLVAAK;EIPYTFEDR;EYSLQVLR;GFPMPGFDER;GLELIASENFCSR;GYSLVSGGTDTHLVLVDLRPK;IMGLDLPDGGHLTHGYMSDVK;IMGLDLPDGGHLTHGYMSDVKR;INFAVFPSLQGGPHNHAIAAVAVALK;ISATSIFFESMPYK;LGAPALTSR;LIIAGTSAYAR;LNPQTGLIDYDQLALTAR;MREVCDEVR;NAQAMADALLK;NAQAMADALLKR;QACTPMFR;QQVEQFAR;RISATSIFFESMPYK;RYYGGAEVVDEIELLCQR;SAITPGGLR;SFLLKDPETSQR;SGLIFYR;SGLIFYRK;TGKEIPYTFEDR;VIPSPFK;VLELVSITANK;VLELVSITANKNTCPGDR;VVDFIDEGVNIGLEVK;VVDFIDEGVNIGLEVKR;YADVVTTTTHK;YSEGYPGK;YSEGYPGKR;YYGGAEVVDEIELLCQR;YYGGAEVVDEIELLCQRR",36,"EYSLQVLR;SFLLKDPETSQR",2,0.0555555555555556,10,18,14,3020.146,21349,1,40,55.759,TRUE,1,0,0.000597371565113501,0.00470914987044019
"122","Q9D0G0","Q9D0G0","AAVCDCILQEQVYVR;DLEVVATPVAR;EDGAQLLASQEK;GFDDGTLLQIVHFLLNKPR;QALASSILDQVVR;QLPEFVPLDYSIPTEIPVMK;QNQAEQVEAVFR;QYENSIFTGSK;RQYENSIFTGSK;SVDFYWLR;TADPCCYGHTQFHLIPDR;TLVNLLAPLNPVLSTAALDCKR;TVFVSGLPPAPALSPPPPSLDLAALR;WQATVHAAPSVDEK;YQINDKPHNQIR;YVVHPQISALNADR",16,"GFDDGTLLQIVHFLLNKPR;YQINDKPHNQIR",2,0.125,5,12,8,5648.007,26726,1,40,49.939,TRUE,1,0,0.000597371565113501,0.00470914987044019
"123","Q9D0L7","Q9D0L7","ALNALNNLSVNVENQTK;ALVTLGNNAAFSTNQAIIR;ELGGIPIVGNK;IYVPQVCEDVFADPLNSAVQLAGLR;LLYLLESTDDPVITEK",5,"ALNALNNLSVNVENQTK;LLYLLESTDDPVITEK",2,0.4,23,31,27,778.005,8052,1,40,33.311,TRUE,1,0,0.000597371565113501,0.00470914987044019
"124","Q9D8X1","Q9D8X1","IELCSGLLEGGTTPSMGVLQVVK;IVVMPGGGITDK;QSVQIPVFVMIRPR;VLTSGCDSSALEGLPLIK",4,"IVVMPGGGITDK;QSVQIPVFVMIRPR",2,0.5,16,24,20,1614.956,4855,1,40,29.004,TRUE,1,0,0.000597371565113501,0.00470914987044019
"125","Q9DB05","Q9DB05","ADPQEAINCLMR;AIAHYEQSADYYKGEESNSSANK;AIDIYEQVGTSAMDSPLLK;AIEIYTDMGR;HDAATCFVDAGNAFK;HDAATCFVDAGNAFKK;HHISIAEIYETELVDVEK;IEEACEIYAR;KADPQEAINCLMR;LAVQKYEELFPAFSDSR;LDQWLTTMLLR;LLEAHEEQNVDSYTEAVK;LLEAHEEQNVDSYTEAVKEYDSISR;NSQSFFSGLFGGSSK;NWSAAGNAFCQAAQLHLQLQSK;QAEAMALLAEAER;QAEAMALLAEAERK;TIQGDEEDLR;VAGYAAQLEQYQK;YEELFPAFSDSR",20,"LAVQKYEELFPAFSDSR;YEELFPAFSDSR",2,0.1,18,27,23,1180.938,14638,1,40,33.19,TRUE,1,0,0.000597371565113501,0.00470914987044019
"126","Q9DCN2","Q9DCN2","APDAWDYSQGFVNEEMIR;AVLKDPNDHTVCYLLFANQSEK;DILLRPELEELR;FALPSPQHILGLPIGQHIYLSTR;GPNGLLVYQGK;IGDTIEFR;IGDTIEFRGPNGLLVYQGK;LIDKEVISPDTR;LWYTVDKAPDAWDYSQGFVNEEMIR;MSQYLENMK;PYTPVSSDDDKGFVDLVVK;STPAITLENPDIK;STPAITLENPDIKYPLR;VYFKDTHPK",14,"GPNGLLVYQGK;MSQYLENMK",2,0.142857142857143,34,40,37,274.076,10826,1,40,34.128,TRUE,1,0,0.000597371565113501,0.00470914987044019
"127","Q9EPE9","Q9EPE9","AEMVVPDFSELFK;AEMVVPDFSELFKER;ALASCHSLMQLDDGTLVGDPLEK;ATSGLKPVDNGCVAFVLR;AVVGNAVPCGARPGGAR;CIVDEAMLTGESVPQMKEPIEDLSPDR;DGKEVTPVSSIPIETHR;DKGEDGLEVLSFEFQK;DLEEESTPIVK;DSPVLSNSGPR;ELGHLTHQQAR;ELGYVTLMCGDGTNDVGALK;EVTPVSSIPIETHR;FGSNKAEMVVPDFSELFK;FVGFIVVSCPLK;FVGFIVVSCPLKADSK;GFQEDSEIR;HADVGVALLANAPER;LGDASIAAPFTSK;QFLPVAFPVGNAFSYYQSNR;SALLSPEEPPASHR;SIDSSIVLPLTLGSPK;SPQENLVPCDVLLLR;TGTLTSDSLVVR;VLDLQADAR;VVMITGDNPLTACHVAQELHFIDK;VVPTPNNGSTELVALHR;WRPVASDDIVPGDIVSIGR",28,"ALASCHSLMQLDDGTLVGDPLEK;WRPVASDDIVPGDIVSIGR",2,0.0714285714285714,15,23,19,1792.553,15272,1,40,132.388,TRUE,1,0,0.000597371565113501,0.00470914987044019
"128","Q9EPK6","Q9EPK6","ELLASINSLMK;MNLQTGVNEVK;VLFALCSLLR;VLQTLGALLTTCR;VVTLLYDLVTEK",5,"ELLASINSLMK;VLQTLGALLTTCR",2,0.4,7,14,11,4130.11,11651,1,40,52.43,TRUE,1,0,0.000597371565113501,0.00470914987044019
"129","Q9ER72","Q9ER72","ALLENIAMYLTHMLK;ALQEGEGDLSISADR;ALQEGEGDLSISADRLSEK;ALVSQCNLYMAAR;APVDITGQFEK;APVDITGQFEKWEAEEVELNK;ARQNYLFEQYR;DAMKPFSVK;DDILPELGVR;DTLDYSSNTMESALQYEK;EQKPPATQLLK;FDENGLPTHDTEGK;FDENGLPTHDTEGKELSK;FEDHEGLPTVVK;FMNEFFLNVK;FPHHDNELAQSEAYFENDCWVR;FWEEEFHKDMEALNVLPPDVLTR;IPPSEMFLSEVNK;IVDNGYGYASNGSVYFDTAK;KLFEAQEK;LAFLMHSWK;LAFLMHSWKDTLDYSSNTMESALQYEK;LATEPLEQAVR;LFEAQEK;LSETTDPDKR;LVPEAVGDQK;LYKEYLQMLQNGSLQ;QNYLFEQYR;RSPNDFALWK;RVQPQWSPPAGTEPCR;SILSISDEAAR;SPNDFALWK;SSLSGEEVDSK;SYISFDILR;TAVHEALCDNIDTR;VLEVLQLSDALR;VLEVLQLSDALRDDILPELGVR;VQALDQHLSTR;VQVLLEEAK;VSEYVPEIVNFVQK;VTWYCCGPTVYDASHMGHAR;WEAEEVELNK;YFLHTGHLTIAGCK",43,"FDENGLPTHDTEGK;IPPSEMFLSEVNK;IVDNGYGYASNGSVYFDTAK",3,0.0697674418604651,4,12,8,5648.007,34681,1,40,94.86,TRUE,1,0,0.000597371565113501,0.00470914987044019
"130","Q9ERD8","Q9ERD8","DLLATLHLLVALAK;FQPDLPLPDNVQVEVIHIESTK;HKLGVILEAVNQNLQVEEK;HSLRAEGGGAHHATPN;LASLKLEVEEISLTSASQR;LEVEEISLTSASQR;LGVILEAVNQNLQVEEK;NPKFEELQK;QVEQLTECK;WSVETIFNK",10,"DLLATLHLLVALAK;LASLKLEVEEISLTSASQR",2,0.2,6,13,10,4584.298,7201,1,40,37.603,TRUE,1,0,0.000597371565113501,0.00470914987044019
"131","Q9ERF3","Q9ERF3","ENIETVVTGSLDDLVK;LLHTLEGHAMPIR;LWDLENGK;SIDAGPVDAWTLAFSPDSQYLATGTHMGK;SLTFSPDSQLLVTASDDGYIK;VNIFGVESGKK;VWDVGTR;YLASGAIDGIINIFDIATGK",8,"ENIETVVTGSLDDLVK;SLTFSPDSQLLVTASDDGYIK",2,0.25,27,34,31,512.552,6852,1,40,33.773,TRUE,1,0,0.000597371565113501,0.00470914987044019
"132","Q9JHK5","Q9JHK5","EGYLVKK;GCVVTSVESSHDVKK;GIKELNLEK;GSTLTSPCQDFGK;GSVFNTWKPMWVVLLEDGIEFYK;IREGYLVK;KVFNHCLTGSGVIDWLVSNK;VFNHCLTGSGVIDWLVSNKLVR",8,"GCVVTSVESSHDVKK;GSTLTSPCQDFGK",2,0.25,16,24,20,1614.956,16608,1,40,39.901,TRUE,1,0,0.000597371565113501,0.00470914987044019
"133","Q9JII6","Q9JII6","AAIKHALSAGYR;ALEVLVAK;ALGLSNFNSR;AVPREELFVTSK;AWRHPDEPVLLEEPVVLALAEK;DAGHPLYPFNDPY;EELFVTSK;GDNPFPK;GLEVTAYSPLGSSDR;HALSAGYR;HHPEDVEPALR;HHPEDVEPALRK;HIDCASVYGNETEIGEALK;HIDCASVYGNETEIGEALKESVGSGK;HPDEPVLLEEPVVLALAEK;ILQNIQVFDFTFSPEEMK;ILQNIQVFDFTFSPEEMKQLDALNK;KVICIPK;MPLIGLGTWK;QIDDVLSVASVR;QLDALNK;QLDALNKNWR;SPAQILLR;TASSVLLHTGQK;TLADLQLEYLDLYLMHWPYAFER;YDSTHYKETWK;YIVPMITVDGK;YIVPMITVDGKR",28,"GLEVTAYSPLGSSDR;TASSVLLHTGQK",2,0.0714285714285714,5,13,9,5088.432,8421,1,40,36.587,TRUE,1,0,0.000597371565113501,0.00470914987044019
"134","Q9JKF7","Q9JKF7","DAHALIYR;DLPFETLDVDAR;FQGLSLPTHLR;HVGKTDPGTVFVMNK;IGDFIDVSEGPLIPR;LDEWMPTKENLR;QLSLTPR;SCAMMLGCVIER;SILALVDGQPWDMYKPLTK;TDPGTVFVMNK;TSVCFQYEVSAVHNLNPSQPNLIR;VALEIFQHNK",12,"FQGLSLPTHLR;QLSLTPR;SILALVDGQPWDMYKPLTK",3,0.25,34,40,37,274.076,12645,1,40,38.549,TRUE,1,0,0.000597371565113501,0.00470914987044019
"135","Q9JL62","Q9JL62","AALYAAPYKSDFLK;AVYDTDPAK;GQNVTEEECLEK;MNAELDYTV;QIETGPFLEAVAHLPPFFDCLGSPVFTPIK;TLQNILEVEK;VGATLALLWLK",7,"AALYAAPYKSDFLK;MNAELDYTV",2,0.285714285714286,6,14,10,4584.298,28391,1,40,23.69,TRUE,1,0,0.000597371565113501,0.00470914987044019
"136","Q9JLC8","Q9JLC8","EFMIMFDPNINHISK;IIQELTIFKR;LILENLKPHLLAALK;LQPSQLSSNLYTK;WLYSNQIPASPNTPVPIYHSR",5,"EFMIMFDPNINHISK;LQPSQLSSNLYTK;WLYSNQIPASPNTPVPIYHSR",3,0.6,1,7,4,8573.141,10198,1,31,520.685,TRUE,1,0,0.000597371565113501,0.00470914987044019
"137","Q9QUJ7","Q9QUJ7","AALVDINCVK;DTYIGYLPLAHVLELTAEISCFTYGCR;EILSEENEMQPNGK;GDCTVLKPTLMAAVPEIMDR;GEIVIGGQNISMGYFK;GVEGSWVDICNNPAMEAEILK;GVEGSWVDICNNPAMEAEILKEIR;GVMMHHSNLIAGMTGQCER;GYDAPLCNLILFK;GYDAPLCNLILFKK;HIIYVDNK;IGYSSPLTLSDQSSK;KLTLLAQQK;LQAGEYVSLGKVEAALK;LSPEPWTPETGLVTDAFK;NCPLIDNICAFAK;NTIAIFCETR;SVTHFDSLAVIDIPGADTLDKLFDHAVAK;TAEDYCVDENGQR;VGAPLICCEIK;VQEMNYVQK;WFCTGDIGEFHPDGCLQIIDR;WINYLEVNCR",23,"GDCTVLKPTLMAAVPEIMDR;SVTHFDSLAVIDIPGADTLDKLFDHAVAK",2,0.0869565217391304,24,31,28,700.925,2605,1,40,79.077,TRUE,1,0,0.000597371565113501,0.00470914987044019
"138","Q9QUJ7","Q9QUJ7","AALVDINCVK;DTYIGYLPLAHVLELTAEISCFTYGCR;EILSEENEMQPNGK;GDCTVLKPTLMAAVPEIMDR;GEIVIGGQNISMGYFK;GVEGSWVDICNNPAMEAEILK;GVEGSWVDICNNPAMEAEILKEIR;GVMMHHSNLIAGMTGQCER;GYDAPLCNLILFK;GYDAPLCNLILFKK;HIIYVDNK;IGYSSPLTLSDQSSK;KLTLLAQQK;LQAGEYVSLGKVEAALK;LSPEPWTPETGLVTDAFK;NCPLIDNICAFAK;NTIAIFCETR;SVTHFDSLAVIDIPGADTLDKLFDHAVAK;TAEDYCVDENGQR;VGAPLICCEIK;VQEMNYVQK;WFCTGDIGEFHPDGCLQIIDR;WINYLEVNCR",23,"DTYIGYLPLAHVLELTAEISCFTYGCR;VQEMNYVQK",2,0.0869565217391304,32,40,37,274.076,2282,1,40,79.077,TRUE,1,0,0.000597371565113501,0.00470914987044019
"139","Q9QXL8","Q9QXL8","EMELFFPSSGGCGPANTAK;NAAHGPDTFASAAR;QLVLIDYGDQYTAR",3,"NAAHGPDTFASAAR;QLVLIDYGDQYTAR",2,0.666666666666667,34,40,37,274.076,3028,1,40,44.435,TRUE,1,0,0.000597371565113501,0.00470914987044019
"140","Q9QZB7","Q9QZB7","ALHKELETQLLEQCTVDTGAAK;ANCVAWLGGAVFGALQDILGSR;CGFAGETGPR;CIIPSVIKR;EFIHILYFR;ELETQLLEQCTVDTGAAK;ESLVLPIYEGIPILNCWGALPLGGK;EYYNQTGR;FNIDGNNERPTPPPNVDYPLDGEK;GLQIQAAK;GQSLPSVMGSVPEGVLEDIK;GQSLPSVMGSVPEGVLEDIKVR;HLLVNPR;IPDWCSLNNPPLEMMFDVGK;KQLAENLVIIGGTSMLPGFLHR;PLYEGLGSGGEK;QLAENLVIIGGTSMLPGFLHR;SISKEYYNQTGR;SVATLILDSLLQCPIDTR;TAVVIDLGEAFTK;TCFVSDLKR;VVQYNINTEELYSYLK;VVVIESVLCPSHFR",23,"CGFAGETGPR;VVVIESVLCPSHFR",2,0.0869565217391304,24,33,29,631.481,12340,1,40,46.208,TRUE,1,0,0.000597371565113501,0.00470914987044019
"141","Q9R0N0","Q9R0N0","AEHSFAGVPCGIMDQLIALLGQK;HSLGSSEYPVRR;LQFPLPSAQWSLEPGIPQWANYVK;MEELEAGR;RAFMEEFGAEPELAVSAPGR;TAQAAAAMSR",6,"MEELEAGR;TAQAAAAMSR",2,0.333333333333333,32,40,37,274.076,2569,1,40,42.295,TRUE,1,0,0.000597371565113501,0.00470914987044019
"142","Q9R1J0","Q9R1J0","AFHITNDEPIPFWTFLSR;AVLDANDPK;AVLDANDPKK;CTVIGGSGFLGQHMVEQLLER;DPQLVPILIDAAR;GQVTGTHLTNDISK;GVSTVFHCASPPPYSNNK;GVSTVFHCASPPPYSNNKELFYR;GYTVNVFDIHQGFDNPR;KCTVIGGSGFLGQHMVEQLLER;LFGYRPLVTMDEAVER;MEQAVHGESK;MEQAVHGESKR;NFLTAAIRPHGIFGPR;NGTEDLPYAMKPIDYYTETK;RGQVTGTHLTNDISK;TVIETCR;TVQSFHHLR;TVQSFHHLRK;VNFIGTK;VQFFIGDLCNQQDLYPALK",21,"AFHITNDEPIPFWTFLSR;GVSTVFHCASPPPYSNNK",2,0.0952380952380952,19,27,23,1180.938,10170,1,40,40.686,TRUE,1,0,0.000597371565113501,0.00470914987044019
"143","Q9R1P0","Q9R1P0","ATCIGNNSAAAVSMLK;ATCIGNNSAAAVSMLKQDYK;EVEQLIK;EVEQLIKK;HYGFQLYQSDPSGNYGGWK;IYKLNEDMACSVAGITSDANVLTNELR;LLDEVFFSEK;LNEDMACSVAGITSDANVLTNELR;LSAEKVEIATLTR;QAYTQFGGK;QDYKEGEMTLK;QKEVEQLIK;RPFGVSLLYIGWDK;SALALAVK;TTIFSPEGR;VEIATLTR;YLLQYQEPIPCEQLVTALCDIK",17,"QAYTQFGGK;TTIFSPEGR;VEIATLTR;YLLQYQEPIPCEQLVTALCDIK",4,0.235294117647059,34,40,37,274.076,6720,1,40,29.471,TRUE,1,0,0.000597371565113501,0.00470914987044019
"144","Q9R1Q9","Q9R1Q9","DITMVAGGLGR;EVLTGNDEVIGQVLSTLK;LGASPLHVDLATLK;LPYTASSGLMAPR;NVLLFLQDK;SEDVPYTAALTAVRPSR",6,"LPYTASSGLMAPR;NVLLFLQDK",2,0.333333333333333,33,40,37,274.076,9708,1,40,51.008,TRUE,1,0,0.000597371565113501,0.00470914987044019
"145","Q9R1T2","Q9R1T2","DPPHNNFFFFDGMK;GSGIVECLGPQ;LWGLEAQK;LWGLEAQKR;NDVFDSLGISPDLLPDDFVR;NRAEASLER;VEKEEAGGGGGGGISEEEAAQYDR",7,"GSGIVECLGPQ;LWGLEAQKR",2,0.285714285714286,5,12,8,5648.007,13280,1,40,38.62,TRUE,1,0,0.000597371565113501,0.00470914987044019
"146","Q9WUB0","Q9WUB0","ALLSPEDYQR;ARPETYQIPASYQPDEEER;AVAGGDEQAAIK;ECLQGTIR;EYQDDLALR;FLDLGVSIAENR;GPLEPVLPKPR;GWCFFEDDVNEFTCPVCTR;LAGEEEALR;MLEDLGFKDLTLQSR;NGDGAYLYLLSAR;NSQEAEVACPFIDSTYSCPGK;NTSLNPQELQR;VMLQQGEAMHCPQCR;VNGIPCHPSCQNCH;WGPGGPGDTSGGCR;YATWLAEQR",17,"AVAGGDEQAAIK;MLEDLGFKDLTLQSR",2,0.117647058823529,5,12,9,5088.432,17909,1,40,57.534,TRUE,1,0,0.000597371565113501,0.00470914987044019
"147","Q9WUK2","Q9WUK2","AYSSFGGGR;DDFNSGYRDDFLGGR;EALTYDGALLGDR;EEVVQKEQE;ELPTEPPYTAYVGNLPFNTVQGDIDAIFK;GFCYVEFDEVDSLK;GSNMDFREPTEEER;SLRVDIAEGR;TVATPLNQVANPNSAIFGGAR;TVATPLNQVANPNSAIFGGARPR;VDIAEGR",11,"ELPTEPPYTAYVGNLPFNTVQGDIDAIFK;GSNMDFREPTEEER",2,0.181818181818182,23,31,27,778.005,16054,1,40,27.341,TRUE,1,0,0.000597371565113501,0.00470914987044019
"148","Q9WVQ5","Q9WVQ5","AAVMATLLFPGQEFK;CTSGGYYRYDDMLVVPIIENTPEEK;GAGAVIHTHSK;HGNEIYIAPSGVQK;IQPEDMFVCDINEQDISGPPASK;IQPEDMFVCDINEQDISGPPASKK;ITHQEMIK;MAHAMNEYPDSCAVLVR;MGLDPTQLPVGENGIV;QFYHLGWVTGTGGGISLK;RHGVYVWGETWEK;SQCTPLFMNAYTMR;TMCECYDYLFDIAVSMKK",13,"CTSGGYYRYDDMLVVPIIENTPEEK;RHGVYVWGETWEK",2,0.153846153846154,29,36,33,416.021,10568,1,40,26.949,TRUE,1,0,0.000597371565113501,0.00470914987044019
"149","Q9Z0E6","Q9Z0E6","ADVVETLLQTDQSLTEAAK;ADVVETLLQTDQSLTEAAKEVEEER;AEAAEAANRELEK;ASEIHMSEPMCLIENTEAQLVINQEALR;DFSLELEVNGKPVTSDEYLEHSLTLK;EFELMMQQK;EIDTLKQNK;FQTELGNLLVAKR;GIWMWCVPHPK;GLQAEAMLK;ILSAITQPVVVVAIVGLYR;IQMPTETLQELLDLHRPIESEAIEVFLK;LGTFSKPGGYYLFLQMR;NMDVSSAR;NSFKDVDQK;NYFDSKADVVETLLQTDQSLTEAAK;QKEFELMMQQK;RTGFSLGSTVQSHTK;SSPDQSGVDDSANFVGFFPTFVWTLR;SYQEHVK;TGFSLGSTVQSHTK;TKAEAAEAANR;TLCGGIIVNGPR",23,"EIDTLKQNK;TKAEAAEAANR",2,0.0869565217391304,18,26,22,1310.806,19427,1,40,66.739,TRUE,1,0,0.000597371565113501,0.00470914987044019
"150","Q9Z0P5","Q9Z0P5","HLSSCAAPAPLTSAER;IEIGDGAELTAEFLYDEVHPK;VIIEDEQLVLGASQEPVGR",3,"HLSSCAAPAPLTSAER;IEIGDGAELTAEFLYDEVHPK",2,0.666666666666667,10,18,14,3020.146,16584,1,40,39.471,TRUE,1,0,0.000597371565113501,0.00470914987044019
"151","Q9Z160","Q9Z160","AQAISPCVQNFCSALDSK;AQDVLPAQAQWQGVK;CAEGLVDAVQATDQYCAR;EGAFPMTQNR;EGFESISNSSK;EVLLQQSVMAYR;FGLLPLSMTSTR;GIGALQGEMK;HLPTSIIEFQPTLR;LEALIDPFDLDVFTPHLNSNLNR;QALTDFLLAR;QCVVGQCGGSEKPAR;QLASEEDDSPAPSLFK;SSTFNSQEPHNILPLASSQIR;SVETQAQVGPPALSR;TCMAQVIAAYEQLTEENQIKK;TSVLFGLVTGTENQFASR;VKLDDLLAYLPSSDTPLLK;YADAGTVQDMLR;YSPILSRFPILIR",20,"FGLLPLSMTSTR;QCVVGQCGGSEKPAR",2,0.1,17,25,21,1454.955,18366,1,40,109.05,TRUE,1,0,0.000597371565113501,0.00470914987044019
"152","Q9Z1D1","Q9Z1D1","CPYKDTLGPMQK;EDLNCQEEEDPMNK;EDLNCQEEEDPMNKLK;EKLPGELEPVQAAQSK;ELAEQLGLSTGEK;ETDLQELFRPFGSISR;GFAFISFHR;GFAFISFHRR;GIPLPTGDTSPEPELLPGDPLPPPK;LPGELEPVQAAQSK;VTNLSEDTR;YVPPSLR",12,"ELAEQLGLSTGEK;LPGELEPVQAAQSK",2,0.166666666666667,15,22,18,1989.68,16382,1,40,35.638,TRUE,1,0,0.000597371565113501,0.00470914987044019
"153","Q9Z1K6","Q9Z1K6","CADDSETANYISAHTK;CSEVFCFK;DGVGVGISCMAQDCPLR;ENLLSLACQHQFCR;KENLLSLACQHQFCR;QMYHAPTDCATIR;SLQLEAQTYER;SNSAQLLVEAR;THGSEYYECSR;TPEDFVFPLLPNEELRDK;VMNNLGTWIDWQYLQNAAK;YKENPDIVNQSQQAQAR;YLFYFER;YTLQYTYPYAYYMESGPR",14,"CADDSETANYISAHTK;KENLLSLACQHQFCR;THGSEYYECSR",3,0.214285714285714,27,35,31,512.552,13480,1,40,57.697,TRUE,1,0,0.000597371565113501,0.00470914987044019
"154","Q9Z255","Q9Z255","LTIEFTEEYPNKPPTVR;MFHPNVYADGSICLDILQNR",2,"LTIEFTEEYPNKPPTVR;MFHPNVYADGSICLDILQNR",2,1,25,34,29,631.481,13136,1,40,17.315,TRUE,1,0,0.000597371565113501,0.00470914987044019
